,u_x1,u_x2,u_y,u_x3
2000,0.49394512,-0.6757075,0.13069165,2.359052
2001,0.8614498,0.8350436,0.46088278,0.17890732
2002,-1.0063629,-1.6251624,0.42014885,-0.2043314
2003,-0.09732327,-1.4515896,0.70126855,-0.80113274
2004,0.15653783,1.0171708,0.53442967,-0.2882947
2005,-0.09235381,0.30103683,0.67332494,-0.77847284
2006,-0.1797228,0.1188755,0.76549065,0.69794315
2007,-0.0062896893,-0.18746507,0.024469137,0.35512432
2008,1.3896551,0.64610803,0.3349942,-1.2045677
2009,-1.785284,-1.2682502,0.6738763,1.8960077
2010,0.79125607,-0.15065952,0.6024643,-0.49568525
2011,-0.89311564,-0.632832,0.21246946,0.1301734
2012,-1.5862045,0.45741558,0.13633072,0.104217604
2013,2.264168,-1.8636634,0.0051243305,1.6010972
2014,3.483243,1.3225023,0.6409836,-0.4019293
2015,-0.41500396,-0.79862124,0.11009729,-0.15759863
2016,0.9386478,0.026288817,0.38873017,-0.017754555
2017,1.0697088,2.3245237,0.74956095,2.1467574
2018,1.5732267,-1.0140615,0.38864374,0.48230648
2019,0.45411593,1.6692965,0.7947581,0.18310757
2020,-0.09853569,-1.532087,0.7691206,1.4020023
2021,-0.6961203,-1.4809918,0.8077651,-1.1004729
2022,-0.12257944,0.039082557,0.008873463,-1.0838292
2023,1.8326353,1.6107185,0.70548046,-0.48926067
2024,1.1610628,-0.62385803,0.40680063,0.3569868
2025,-0.46389014,2.609212,0.8446784,-0.60824275
2026,-0.051198553,0.22409882,0.86358297,-0.81951123
2027,3.0104644,-0.99451953,0.23729658,0.9795348
2028,-1.3185481,0.46658167,0.81993747,-1.2704318
2029,-1.4751408,-0.122500256,0.98940444,0.47124392
2030,0.7123941,2.2624917,0.5539082,0.37358904
2031,0.70506805,0.32273716,0.3636104,-0.33366296
2032,0.1720357,-0.19504227,0.98275757,-0.06814413
2033,-0.766897,-1.3053206,0.9253825,1.6513934
2034,-0.7357429,0.22014202,0.37158573,0.5298443
2035,-1.3940684,-0.5802622,0.5085654,-0.81613845
2036,0.34284526,-0.40977356,0.23237741,0.47941396
2037,-0.18561731,1.066077,0.68684196,-0.6537342
2038,-0.59269714,-0.8110839,0.6180655,-0.21929026
2039,0.0930826,0.4423556,0.28279495,0.17842792
2040,-0.8474966,1.013364,0.64316595,-1.1237026
2041,0.2999724,-0.5523456,0.69156265,0.86121553
2042,-0.7220073,-0.16540892,0.17956913,-0.5536463
2043,0.6079704,-0.6462165,0.4838804,-0.21461168
2044,0.4317006,-0.08622676,0.4469508,0.9626691
2045,-0.78509414,-1.4114181,0.86359835,-0.9089459
2046,-1.5906953,-0.17350931,0.42302954,-0.86034274
2047,0.9318068,0.46711582,0.071805,0.7364189
2048,0.80950576,1.3740425,0.9334848,0.54474336
2049,-0.5172762,1.369829,0.11545181,0.13180691
2050,-0.23685353,-0.47622645,0.06863248,-0.96678954
2051,-2.0946941,-0.35169032,0.7696818,-0.8065157
2052,2.010201,-0.58573836,0.8708563,0.14299598
2053,-0.67881715,2.0879486,0.89416885,0.76941895
2054,-0.15920204,0.100488655,0.27740645,0.018863486
2055,2.0660677,-0.39485836,0.6810963,0.774405
2056,1.1510094,-0.85952485,0.16233695,-0.21359755
2057,-0.3318634,-2.3677332,0.28400075,-0.080000125
2058,0.15613794,0.20411552,0.79566777,-1.1566967
2059,-0.6397098,-0.44216105,0.794472,0.612262
2060,1.1934117,-0.77831984,0.86376107,0.27188957
2061,0.8411877,-0.08940552,0.13056469,0.9801254
2062,1.7616113,0.6879654,0.3821901,-0.28182226
2063,-0.22239994,-1.2499264,0.78536665,-1.5772747
2064,0.073290445,0.88334185,0.8337401,-1.2023196
2065,0.015505822,-0.5993411,0.8229954,-0.0017446972
2066,0.90448797,0.9637944,0.32362068,0.29746684
2067,0.8288268,0.36159956,0.28174698,1.3720874
2068,0.28961146,-0.69934386,0.60241795,0.89239424
2069,0.34844744,1.5631335,0.33642364,-0.45453057
2070,1.3779353,0.36777154,0.5722475,-1.563775
2071,-0.8709717,-0.70692956,0.5635215,1.0070153
2072,0.5272363,-0.30878392,0.5250114,-0.6635661
2073,-0.9582258,-0.20214817,0.13096857,-1.0092593
2074,0.11266499,-0.83786356,0.46545398,-0.7727938
2075,0.1981303,0.37091202,0.8078309,-0.39911574
2076,-2.1572294,0.16771512,0.8190366,-0.16587213
2077,0.77101254,0.419125,0.68918633,-0.12234401
2078,-0.08258681,0.5382145,0.013966918,-0.71863294
2079,0.9596619,-0.3069651,0.27730095,-0.5740901
2080,0.0051310216,0.24588281,0.14378035,-0.980044
2081,1.1428721,1.0201513,0.75391686,-2.1699421
2082,0.88110834,-2.301379,0.7285752,-0.58001155
2083,-0.17471646,-0.69462293,0.93899,-1.594148
2084,2.2343955,-1.0272018,0.31955647,1.9230515
2085,-0.075129166,-2.5808973,0.05066228,-0.99203354
2086,1.4333533,-0.51425594,0.6342268,-0.6819636
2087,0.621575,-0.57523394,0.021022081,1.4092149
2088,-1.1447685,1.0114269,0.1882987,0.3634485
2089,0.41004315,-0.75831646,0.599439,0.3567566
2090,-1.5068603,2.2502127,0.4700606,-0.51525205
2091,1.1520636,0.83063835,0.99871624,-2.0178025
2092,0.3797384,0.1639137,0.05670798,0.14007947
2093,0.14477822,0.09145672,0.25271404,-0.15403894
2094,1.9368541,-0.73789805,0.053290486,-0.28998685
2095,-1.7546228,2.2810779,0.057041287,0.4060558
2096,0.123280205,-1.7530632,0.42924786,-0.114479855
2097,-0.16826774,0.48874325,0.5463954,0.039282314
2098,0.4677558,-3.045157,0.34395242,-0.036560412
2099,-0.79855996,1.2979485,0.17733133,-0.21788311
2100,-0.20678271,-1.3639566,0.6573949,0.023491954
2101,-2.6937587,-1.8418131,0.25998926,0.5579659
2102,-1.3413392,-0.15956548,0.9326682,-1.0690453
2103,-0.5932703,-0.2080922,0.0034240484,-1.8275634
2104,1.4571595,-1.5570503,0.9441941,-0.24947071
2105,-0.45115095,-0.9482927,0.73778987,-0.5040197
2106,0.46415856,-0.5629909,0.8129339,-0.35799578
2107,0.8494236,-1.3550317,0.2059542,0.18868333
2108,1.8341595,-0.63214254,0.55855954,0.060932335
2109,1.3319162,-0.528518,0.16649222,-1.1121198
2110,-0.11926959,1.9546043,0.49082386,1.4282421
2111,0.046486773,0.75761455,0.43553114,-1.1553334
2112,1.5469977,0.19932468,0.9116819,1.5190941
2113,-0.43407634,-0.36572498,0.46724987,0.12762856
2114,-1.5187025,0.8261269,0.97714174,-1.6035572
2115,1.2048273,-0.63677007,0.303334,1.0472463
2116,-2.3683498,-0.52571493,0.39405835,-0.124022886
2117,-1.0953901,-2.001638,0.41115284,0.5334215
2118,1.45207,0.9851486,0.585953,-0.2776556
2119,0.16950972,-0.3507629,0.35766077,-0.03319821
2120,0.36817792,1.6021273,0.13029027,1.1473457
2121,-1.088001,-3.6215434,0.67785156,-0.49760804
2122,-0.70143163,0.9208726,0.94975674,-1.982674
2123,-0.3223244,0.27632308,0.8900908,0.40606427
2124,0.9725128,-0.34417954,0.7834542,-0.14009804
2125,-0.04467094,1.4040325,0.9513966,-0.055196356
2126,0.13523485,-0.61227125,0.5127859,-0.25626096
2127,1.1375114,-0.09234961,0.65020025,0.047866434
2128,-0.38837773,-1.2334359,0.19977355,-1.1096431
2129,-0.2555385,-0.28902364,0.20215452,-1.189987
2130,0.49694136,1.0440618,0.15479755,-0.57500404
2131,0.31977862,0.3454675,0.10846639,1.195108
2132,-0.3218098,0.89878803,0.74978304,0.71633905
2133,-0.63432145,-0.12909898,0.24306989,0.5354376
2134,-0.763912,0.5330188,0.5371603,1.4103868
2135,1.3155389,3.0960157,0.5944904,-2.1614368
2136,-0.24360113,0.30049345,0.79087114,1.3907065
2137,-0.9219551,0.12401008,0.0422827,0.15623775
2138,-0.54228365,-0.8726383,0.25493073,1.2162744
2139,0.68000823,-0.06740346,0.013016105,0.3371475
2140,-0.32316798,-0.12518229,0.039625764,0.6493731
2141,-0.22067031,1.6824663,0.6309278,0.76172775
2142,-0.56150246,0.7491596,0.2731775,-1.7168245
2143,0.12889665,-0.23568498,0.36907077,0.36595067
2144,0.7923059,-0.56868374,0.5436306,1.3669971
2145,-0.91863185,-0.1748017,0.12253463,-0.47891578
2146,0.102439165,-0.251932,0.082384944,0.57931715
2147,-0.40221632,0.46359488,0.16810536,0.38942078
2148,0.6399138,0.030483756,0.6546545,-0.92856747
2149,0.88659716,-0.040705957,0.42822778,-1.039172
2150,0.16037616,-1.0720683,0.07772684,1.1167573
2151,-0.3740259,0.015344145,0.6859909,1.985404
2152,0.25395578,-1.0367247,0.8474498,-0.3731512
2153,0.13000435,-1.9600759,0.67958987,-0.38890815
2154,-0.5706909,0.44457144,0.90816164,0.21099502
2155,-0.50623536,0.59586394,0.7489898,-0.3814338
2156,1.6004245,0.16407362,0.20564198,1.5179838
2157,0.5090693,-1.7468367,0.15530753,0.7371758
2158,1.2651186,-0.5584231,0.6598581,0.54592574
2159,0.15999903,-0.48987845,0.05732119,-0.68798864
2160,0.09993696,-0.4129686,0.9014858,0.95755154
2161,0.10332594,-0.6248003,0.43302727,-0.18100415
2162,-0.26820305,1.3345886,0.118017554,0.3879619
2163,-0.26714197,-0.0016410089,0.062255383,-1.0092254
2164,0.32626516,0.4391243,0.061283708,0.35990298
2165,0.42269778,-0.23209037,0.9444016,-2.0454705
2166,0.26362813,-0.3628425,0.44772685,1.8960346
2167,0.4643326,0.51109874,0.61180186,0.06656506
2168,-1.4931434,0.66707575,0.752102,-0.1331473
2169,1.9137856,-1.2227204,0.6284752,-1.3500288
2170,0.789756,-0.7452221,0.9724901,-0.4683994
2171,-1.8144108,-0.06672752,0.43853652,-0.3539679
2172,0.45706886,1.6644689,0.22381854,-0.25799954
2173,0.40495276,0.42288533,0.50293696,0.4607839
2174,0.081547484,1.3686998,0.13236713,-0.7011565
2175,-0.1572616,-0.9669989,0.6439606,-0.8223251
2176,0.27320477,0.37691346,0.34237266,-0.3063127
2177,1.7152904,0.0827072,0.73019695,0.71232665
2178,-1.0005339,1.3720069,0.43348062,-1.0026355
2179,1.2375919,-0.9892836,0.77149403,-0.15957093
2180,0.044921443,-1.5175124,0.33271253,1.3056186
2181,0.03322915,-0.5311645,0.9989699,0.27349824
2182,0.2343194,0.7692093,0.23159266,0.35945383
2183,-1.5469242,-0.31451616,0.10809815,0.49679834
2184,-0.8024849,2.0272481,0.46374846,0.5092997
2185,-0.77066684,-0.3533177,0.90761423,-0.16993186
2186,1.5965168,1.2271814,0.8334186,-0.28388116
2187,-0.040194567,-0.40746924,0.7860893,0.06268732
2188,0.33475322,-1.7248632,0.9265429,-1.6621815
2189,-1.2404475,0.09582506,0.8573544,1.2039509
2190,0.206057,0.9196154,0.14215183,-0.9290611
2191,0.631767,2.0776942,0.4936372,-1.1461828
2192,-0.6136958,-0.6458314,0.080660224,-1.442494
2193,-0.2630977,0.16346489,0.8621633,0.07140449
2194,-2.5260518,1.3491608,0.7651731,0.7551154
2195,-1.5258723,-1.2084359,0.37282157,-0.269455
2196,0.598698,-0.4360002,0.90283453,-1.1118647
2197,-1.2283609,1.8923905,0.69589484,1.1479189
2198,-0.45776775,0.43213493,0.4413147,-1.2005877
2199,-2.2582989,0.027999258,0.6717875,-0.3713946
2200,-0.7538675,-1.6499224,0.1916349,1.2044945
2201,-0.5836169,0.9455242,0.36841238,-1.5365647
2202,0.02676858,0.9957882,0.44893587,-0.6860175
2203,-1.6153953,0.47974586,0.56274116,-1.2643245
2204,1.7678974,0.93085337,0.6459067,-1.9085085
2205,-1.3724165,1.8081319,0.18581724,0.6802911
2206,-1.399722,0.20757207,0.80970144,-0.90884846
2207,0.27167967,0.36883673,0.3914907,-0.25152576
2208,-0.8589219,-0.587699,0.62822366,0.44416085
2209,1.3670975,-0.6165752,0.57275116,-0.12462696
2210,-0.27597773,-0.19319731,0.26501215,0.44660392
2211,1.4664785,0.7689314,0.1300993,-0.9784186
2212,0.049654264,-0.55385464,0.105015874,-0.73757327
2213,-1.2117007,0.6873776,0.9144292,1.2326851
2214,0.67426366,0.53803384,0.57751954,0.03841361
2215,-0.24853587,0.034422103,0.8643987,-1.5270882
2216,-2.0806303,0.29411376,0.18055475,0.62505364
2217,-0.008624084,0.4999668,0.7371503,0.123594254
2218,2.575502,0.6087197,0.44526207,-0.8092638
2219,0.0457874,-0.42906418,0.5751778,0.51243633
2220,0.025592348,-0.49607456,0.20796955,-0.5768297
2221,-1.5282054,2.2814243,0.03121531,0.51922005
2222,-2.4647207,-1.5284724,0.92013705,1.922429
2223,1.2765101,-0.15978764,0.8660673,1.569085
2224,0.07545026,-0.31891692,0.3076229,-1.1288351
2225,-0.12761846,-1.0129344,0.14117801,-0.7369706
2226,-1.6542668,-0.2594635,0.73583305,0.4833772
2227,-0.8117629,0.08130944,0.23634243,0.37689516
2228,1.1910313,1.3641033,0.90591884,-0.22065285
2229,0.4416196,-0.1152532,0.77929986,-0.04072988
2230,1.2433567,-0.92408067,0.11625612,0.35912937
2231,0.48450658,0.029532207,0.48867655,1.3422505
2232,0.6927774,-0.5299985,0.66336393,-0.24034391
2233,-0.23160356,-0.014811152,0.7056577,-0.24386217
2234,-0.2599849,-0.67459357,0.07052183,2.1688595
2235,-0.60699135,1.130368,0.33876753,1.1222787
2236,0.15438834,-1.5094608,0.79296017,-0.42740077
2237,0.130554,0.30818018,0.8619572,0.029108604
2238,-1.3009384,1.0303323,0.99090564,0.0900126
2239,0.77952975,0.58032113,0.31498075,0.52461165
2240,-0.56715995,1.2365732,0.4356134,-1.8286026
2241,-0.45538822,0.060301576,0.89143586,0.17779492
2242,-0.99144435,-0.93600714,0.29973626,0.6156632
2243,-0.5061372,-1.1246322,0.95628345,1.8257923
2244,0.2319171,0.33844584,0.39176917,-0.28301764
2245,1.4143217,0.9297865,0.49704707,1.1288437
2246,0.7569402,-0.29480982,0.2264049,1.5089947
2247,0.7079606,-2.5797465,0.52738583,0.10140799
2248,-0.43510032,0.561425,0.96356845,-0.9981407
2249,1.1983114,0.78936416,0.77360606,-0.13285969
2250,1.260509,0.7543708,0.52397776,0.9659556
2251,0.20457077,-0.8454619,0.4833188,-0.012750337
2252,-0.7548601,-2.0258355,0.38878334,-0.79154766
2253,-1.8660867,0.8455206,0.93802357,-0.65383524
2254,-1.0452064,0.76844233,0.5028086,-1.1812328
2255,-0.40151402,-0.48341426,0.13393414,-0.18027765
2256,2.3602464,0.10896486,0.8157258,-0.08757231
2257,-0.3821239,0.21411894,0.3276732,0.074916564
2258,-1.4994528,0.3767938,0.18544984,0.9329758
2259,1.9489359,-0.4814089,0.3817562,-0.66623783
2260,-0.92837805,0.22938603,0.8529304,1.1537259
2261,0.895724,-0.057705898,0.7116958,-1.1864706
2262,0.38766554,0.4037663,0.6208377,-0.4707636
2263,0.9577447,0.15378147,0.40035498,-1.2987359
2264,-1.1430703,-1.8536769,0.5029644,-0.04466256
2265,0.40459797,-0.5464011,0.30911493,-0.19056332
2266,-1.0328869,0.8759561,0.15347528,0.49751446
2267,2.8323653,0.6675007,0.09136677,0.7243804
2268,-0.38269356,-1.3829379,0.54108036,-1.2287042
2269,0.78620654,-1.3222024,0.86217594,0.06687352
2270,-1.8090314,0.29006678,0.45516896,-0.11145004
2271,0.542001,1.4006567,0.39304507,-0.1409225
2272,1.0676671,0.23685552,0.11195791,-0.50116014
2273,0.2948215,0.49636772,0.6361861,0.23704822
2274,0.6611647,0.29054332,0.96620274,0.19544443
2275,1.2791772,0.32994577,0.8682864,-0.19921876
2276,-0.6078883,-0.35512358,0.19397426,0.49899182
2277,-0.8013598,0.13465376,0.55501485,0.3443655
2278,-0.17033537,1.3218205,0.23885989,0.64974207
2279,-0.30344662,-0.7422185,0.4828142,-1.6236131
2280,-0.33747566,-0.28143364,0.9974755,-0.77691895
2281,-0.4269772,-1.6345683,0.61805916,-0.5575907
2282,0.17627545,1.4478091,0.87272227,0.97861457
2283,0.5330733,1.60977,0.063292384,0.3963136
2284,0.44127703,-0.7856591,0.19906425,2.4665353
2285,-0.47663078,-1.1988199,0.88138163,-1.1094396
2286,-0.26120472,0.6198578,0.49818242,0.57496756
2287,-0.049505122,0.5290876,0.22231162,1.4773661
2288,0.8104441,-0.012409664,0.5974859,-0.14073357
2289,-0.23161028,1.7746996,0.61741066,0.90554744
2290,0.6833905,-0.5057497,0.18390024,0.68571264
2291,-0.48532078,0.8473736,0.72363806,0.79726404
2292,-2.4410422,0.575836,0.44656146,-0.32447767
2293,-1.5153397,-1.0280476,0.7320682,1.1408092
2294,0.40981695,1.0755154,0.7134925,-1.4305671
2295,0.7490151,-0.79936665,0.5016736,-0.012250085
2296,-0.515004,-0.33419594,0.6817024,1.6841592
2297,0.95258385,-0.4225705,0.72088826,-1.2662666
2298,-0.27237535,-0.60973084,0.65466726,-0.14642698
2299,-0.8636264,-0.3727021,0.24590516,2.2864091
2300,1.3493538,-0.35202157,0.6324538,0.022918075
2301,-1.0171955,1.4219741,0.3824376,0.4785128
2302,-1.8347741,-0.24666932,0.97737086,1.4457021
2303,0.08434382,1.6871842,0.15722632,-1.8616719
2304,1.4561183,-0.57647896,0.1842997,-0.5906037
2305,0.8277904,0.09390644,0.14278138,-0.14674926
2306,-1.1955081,0.505486,0.2685653,-0.0472608
2307,-0.1943123,0.07976195,0.5760939,1.1332816
2308,0.8828512,0.61176467,0.8801557,0.9591931
2309,0.24081714,-1.1878835,0.8606504,-0.18536529
2310,0.25938514,0.278153,0.87940514,-0.94405407
2311,1.2531245,1.0177197,0.4478637,0.22292389
2312,0.0862764,-1.2061471,0.01927948,0.22073263
2313,0.061776873,0.06353795,0.97431266,0.50200886
2314,1.4429412,0.111502215,0.8138654,-0.023111608
2315,0.43678984,0.7885218,0.9652841,0.61508286
2316,0.71995914,-1.31148,0.8233869,1.8446532
2317,0.6529339,0.033659387,0.66707444,-1.7639775
2318,-1.5010198,0.20481305,0.8834975,-1.0325885
2319,0.36343,0.97866374,0.95755243,-0.09685582
2320,0.8089647,-0.9604865,0.02620399,1.809304
2321,0.18680567,2.9232545,0.553172,0.31083217
2322,0.052760318,-0.6023688,0.24224126,-0.31210738
2323,-0.8082829,-0.40704587,0.2914734,0.6418354
2324,0.38946527,0.89116013,0.7320634,-0.18425462
2325,-1.1575762,-0.45322487,0.051386356,-0.672302
2326,-0.19274007,-0.98190343,0.5580021,-1.1383464
2327,0.22839066,-0.8636962,0.24609613,1.2500607
2328,0.9779936,0.21929044,0.55158496,0.3434078
2329,-0.91329086,0.022841858,0.5337248,-1.4473742
2330,0.5315099,-0.93411535,0.9059416,-2.7277617
2331,0.16178924,1.5620171,0.9186512,0.5295221
2332,0.08949958,0.06425117,0.77879965,-0.19304146
2333,-1.5719699,0.33370543,0.36025107,0.7421502
2334,-0.731707,-1.451306,0.41224933,-0.21096613
2335,0.5426456,-1.63498,0.84008586,-0.41821018
2336,-0.12553976,0.029352242,0.18254626,0.38808045
2337,1.0181627,-0.81501794,0.66353023,-0.07602758
2338,0.19156134,0.26994598,0.25653672,1.0741158
2339,1.1412234,-0.18849489,0.8768077,-1.5138823
2340,-1.0667174,1.9096888,0.6865246,1.436945
2341,-0.60771364,-0.23994194,0.076764226,1.5314327
2342,0.9023668,-0.25162417,0.79118633,0.29460275
2343,-0.301092,1.3418616,0.16674018,1.5987182
2344,-0.7638581,1.0701367,0.11293793,2.1572156
2345,-0.8192701,-0.49029654,0.7092662,1.3637328
2346,-0.10698462,-0.88058007,0.7621603,-0.88326836
2347,-0.950684,-2.7566519,0.7197248,-0.662743
2348,-1.792753,0.0074776495,0.7928777,-0.64641124
2349,-0.9584826,-1.7486918,0.79037666,-1.342078
2350,-0.6223707,1.5488732,0.8855094,0.03030618
2351,1.340248,0.15961194,0.45028734,-0.8467027
2352,1.09511,1.1516094,0.327327,-0.24056907
2353,-0.8171728,-2.0731716,0.14046347,0.9672337
2354,-1.0846854,-1.15632,0.5155041,0.23625633
2355,-0.8676049,-1.0331881,0.5834242,-0.18924169
2356,1.8069612,-0.18010026,0.73008394,-0.48031875
2357,-0.92251104,0.96725905,0.22400653,-0.23216127
2358,0.8586772,0.27905008,0.11389756,1.4222897
2359,-1.1198903,1.0237932,0.14927483,-0.57233816
2360,-0.59751475,1.0400069,0.66473997,0.17356831
2361,-0.14202444,1.7277265,0.80402875,0.132121
2362,1.7249366,0.9304663,0.51739025,1.0225061
2363,-1.2269369,1.4600649,0.6008394,-0.07830623
2364,0.7199118,0.7880363,0.77178407,1.7191898
2365,0.24288104,0.33976817,0.9734521,1.331484
2366,-0.48566166,0.308429,0.714077,-2.0901115
2367,0.033387613,-0.5182507,0.93621945,1.0388753
2368,0.8978808,-1.0129044,0.19772792,0.38503408
2369,0.002153923,-0.020646406,0.054318547,-1.0858722
2370,-0.39833474,-1.40955,0.49111557,2.2915218
2371,0.022749502,1.0779488,0.029707313,-1.106035
2372,-0.25144064,2.1135726,0.43527865,0.8281465
2373,0.78064495,-0.7858043,0.84716547,1.1706804
2374,1.0332108,-0.50450045,0.74506533,1.6828651
2375,-0.7789029,1.1497852,0.5727364,0.41351196
2376,0.8899723,0.98379743,0.9229156,-1.4018589
2377,0.29634795,-0.13994142,0.8760849,-0.8696271
2378,-0.9112881,-1.7883615,0.9833909,-0.1309758
2379,-0.8194227,0.21166113,0.67764485,0.058282237
2380,-0.33085638,1.0753721,0.49168968,-0.6256552
2381,-0.058317106,-0.85512424,0.8595407,-0.57883567
2382,0.09202777,-0.78128767,0.32773376,0.1350346
2383,0.98074627,0.75503194,0.614143,0.42259747
2384,-0.072070904,-1.7322857,0.08179188,-0.9895834
2385,0.09119087,-0.67881155,0.44569445,0.52605754
2386,-1.1745839,0.008313457,0.18869686,-0.5981771
2387,-0.62705564,-0.3048903,0.87135184,-1.0607876
2388,-1.3173773,-0.6347175,0.2711333,-0.17149486
2389,-1.2333021,-0.6261393,0.34309995,-0.34386408
2390,-0.8429855,-1.0400764,0.34794104,-0.3991041
2391,-0.41203523,-0.968635,0.33872974,-1.4152359
2392,1.5559351,-0.9321632,0.38948858,2.0822687
2393,0.7288358,1.6100266,0.49251127,-1.5086864
2394,0.9866659,-0.9406493,0.7033086,0.70751566
2395,-0.22181557,-0.50975096,0.5945262,-1.5562125
2396,-0.47824767,0.020486657,0.7060658,-0.28374425
2397,-0.2841039,-0.04788483,0.9068599,-0.5271966
2398,0.13190277,0.6375053,0.90948856,0.7171082
2399,1.1044827,-0.54152536,0.099329114,0.49921796
2400,0.1847818,-1.0502249,0.1319511,0.6711227
2401,-0.3155593,0.93636405,0.39400244,0.70418555
2402,-1.4199531,1.746693,0.8809446,-1.5615958
2403,-0.31040743,-0.9101218,0.13897455,-0.51111627
2404,1.1349775,0.26643306,0.9272032,-0.60498863
2405,2.3652685,0.3331182,0.761222,0.37273046
2406,-0.9563505,0.4513559,0.20732522,-0.093194395
2407,0.17627695,0.47269055,0.4560032,0.817721
2408,-0.11613972,0.13433656,0.527287,-0.24156883
2409,0.08647825,-0.042678945,0.054104686,0.941448
2410,0.2612602,-0.56111664,0.64531136,-1.4292805
2411,0.17260073,0.031649392,0.56723976,-0.5997216
2412,2.1959815,0.09517428,0.059263706,-1.1187555
2413,0.17819232,-0.42831665,0.75302887,1.2662941
2414,1.7919627,0.20132583,0.89532936,-1.3380135
2415,0.7085032,1.5894358,0.16382933,0.06252925
2416,-0.23920542,0.4115712,0.5896715,0.5182413
2417,-0.09094798,-0.15787576,0.5340655,-1.3258027
2418,0.8996704,-0.52691436,0.4306252,0.31029814
2419,0.37117067,-1.2413458,0.5584209,-0.8238564
2420,-1.2636423,0.9387328,0.7412647,-0.48299453
2421,-0.6660565,-1.3809253,0.97666407,-1.6060168
2422,0.22110464,-0.59613216,0.7920346,-0.45563915
2423,-0.6803636,0.44081992,0.6287912,1.3772738
2424,1.0279666,-0.33397952,0.52908564,-0.50790215
2425,-1.215009,0.93426776,0.36722338,-2.59449
2426,1.4752645,0.5376243,0.46964133,0.17616314
2427,-1.2547612,0.6322548,0.5730281,1.9012753
2428,-0.07330018,0.56608754,0.76399493,1.0533216
2429,-0.5522098,1.2147636,0.36833286,1.0101305
2430,-1.9520342,1.9179747,0.9113523,0.28658828
2431,-0.87193877,1.5079767,0.27642477,0.028392052
2432,-1.4752705,-1.2839024,0.1840868,1.5451543
2433,-1.0516696,-0.4568329,0.7898232,0.91654223
2434,-0.5426454,0.05843639,0.3418765,1.6003666
2435,-0.88209796,-1.0765291,0.30629265,0.6405182
2436,0.61575276,0.059237093,0.06574297,-0.2095074
2437,-0.35601676,-1.079589,0.91547287,-0.24501699
2438,-1.277366,1.6170594,0.15473568,-0.63082874
2439,1.8623663,-0.6135894,0.6664746,-0.6535437
2440,-0.7367381,-0.11834813,0.5585089,-1.1812136
2441,-0.3063121,0.12076918,0.9000509,1.1819056
2442,-1.5829058,-0.19122338,0.696658,-3.046826
2443,1.4373612,-0.10822828,0.4639665,0.029256282
2444,0.10606189,-0.38067973,0.76075065,0.30296525
2445,-0.76561016,-0.9550837,0.8388182,0.23399234
2446,0.68430066,1.0653541,0.20585132,1.5401106
2447,-1.3508984,1.6597309,0.85002434,0.8947266
2448,0.32838148,2.2279499,0.16310418,-0.08544817
2449,-0.054787263,-0.8577912,0.107314825,0.758953
2450,-0.80749273,-1.1547959,0.6375246,0.58789486
2451,1.627693,0.8544041,0.21962142,1.1717554
2452,-0.32259664,0.093625516,0.89529324,1.1158279
2453,0.34374157,0.8538554,0.6644771,0.88395655
2454,1.4053965,-1.0242063,0.4806404,1.5289363
2455,-0.66924703,-0.5235464,0.8836942,-0.42898196
2456,-1.3013543,0.21657471,0.3335576,0.6424957
2457,0.39816636,1.4295019,0.12238395,-1.0619106
2458,-0.6657179,1.1894882,0.6447768,-0.46789134
2459,0.93394035,0.14893328,0.28204608,-0.4338268
2460,-1.7471966,0.4048649,0.20441091,-1.4676588
2461,0.27191067,0.16450036,0.56652427,-0.48398393
2462,-0.68777215,0.7195978,0.8940135,-0.4488496
2463,-0.14165832,1.0713183,0.17998445,-0.12667951
2464,0.38693377,0.81766725,0.23307347,-0.90588987
2465,-0.91285294,-0.08321228,0.5223489,-0.7104996
2466,-0.35903677,-0.6996496,0.74441373,1.9640278
2467,0.8346244,-0.8012914,0.0436548,-1.2374516
2468,-1.2578366,-0.24061151,0.75770485,0.47088763
2469,1.2292901,-2.1675568,0.70752025,0.9079756
2470,-2.2051213,-0.85788137,0.057136536,-0.7814673
2471,-0.79322666,-1.6918457,0.4349861,0.3244539
2472,-0.20917664,1.2632815,0.3208884,-0.3248169
2473,-0.16234162,-0.5747372,0.59703076,-0.35916558
2474,0.21554148,0.05624458,0.006392598,1.5914744
2475,0.26154035,0.10961626,0.5022923,-0.05578203
2476,0.06599427,0.2772483,0.15120614,0.6598561
2477,0.8319166,1.3914379,0.9463489,1.5489713
2478,-0.583668,1.6583806,0.7511138,-0.3975556
2479,-1.2857763,-0.79774636,0.34793544,-1.386228
2480,0.44881406,0.03343814,0.52214634,1.2922926
2481,-1.1725618,1.0464762,0.7991606,-0.94759345
2482,2.1185124,0.9043508,0.11552513,0.31111035
2483,-0.43623286,-0.9265428,0.5579878,0.95514053
2484,-1.7536846,-1.4908289,0.379678,0.69371855
2485,-0.6503421,0.3704473,0.60902524,-0.70889395
2486,-1.1621044,0.5913304,0.042969584,1.0029132
2487,0.094306536,-1.2021768,0.2940446,-1.2438633
2488,0.28129947,1.1087981,0.96304333,2.050039
2489,1.8703797,-0.34931457,0.9998249,-0.18637767
2490,-1.6476074,0.62042236,0.004740119,-1.819563
2491,1.2495171,1.4211477,0.48629415,0.8065477
2492,-1.3812263,-0.39315844,0.51755035,0.45383245
2493,-1.1379787,-2.2444837,0.6807456,-0.79694194
2494,0.40916088,0.15158936,0.048137188,0.87498987
2495,1.3458045,1.1325732,0.0058523417,-0.8237524
2496,-1.2775722,1.4784073,0.93960226,-2.3635347
2497,-2.5730014,0.34113607,0.02019775,0.00077430013
2498,-0.062133294,0.6857542,0.71372616,-0.76461
2499,1.2311165,-0.65946037,0.41221833,1.5380048
2500,0.98160225,-0.78833336,0.1917355,0.71762806
2501,1.7467906,0.54078555,0.59453166,-0.72887224
2502,0.854711,0.5480672,0.7137276,0.35170004
2503,0.16137388,0.9633856,0.36393118,0.119652234
2504,1.7033855,-0.81385225,0.985224,1.5376099
2505,-0.74013066,-0.14303598,0.7548889,-0.08629394
2506,2.0303836,1.1982533,0.22990239,-0.8358719
2507,-0.34882295,-0.20639382,0.5502914,0.38298726
2508,0.15451656,-2.0782077,0.98896956,1.6421567
2509,0.35753432,-0.5719031,0.6563151,1.6398011
2510,1.4986701,-1.740942,0.99817777,0.009061116
2511,0.6937003,-1.6321173,0.82369816,0.8214479
2512,-0.5162391,0.8344195,0.5763974,-0.22355573
2513,0.49251866,1.0178938,0.2755034,0.2366988
2514,-1.3969555,0.20454209,0.36814713,-1.1562302
2515,0.93625563,1.2131511,0.95955086,-0.6257907
2516,0.061180513,0.95701474,0.133021,-0.15626878
2517,-1.7647698,-0.44995764,0.5401727,-0.2659527
2518,-0.9330445,0.36562002,0.3912493,-1.2373036
2519,-0.4018146,0.45087624,0.16144502,0.25003594
2520,0.040726442,-0.6278961,0.24385357,-1.3728044
2521,-1.1970507,0.17736872,0.2713741,0.54501724
2522,1.3006408,-0.6349742,0.72726595,0.09644738
2523,0.13792343,-0.938896,0.99704075,-0.30545726
2524,0.48964283,0.24143916,0.7763835,-0.3580515
2525,-0.40295708,0.35727027,0.67785025,0.32227543
2526,-0.6442597,0.862685,0.76590705,-0.38449883
2527,0.25704768,-0.17441487,0.8662559,1.9091821
2528,-0.09440722,-0.5728574,0.6320187,-0.43552542
2529,-0.038005285,1.0836134,0.87781847,0.34542754
2530,-0.007934399,0.5838733,0.34107494,-0.5394602
2531,1.0128229,-0.65408385,0.8058443,1.7075334
2532,0.75949067,-0.7213819,0.4994055,0.19880106
2533,0.21191967,-0.35167316,0.021161318,0.20893368
2534,-0.31676933,-1.0130916,0.99061537,1.2199835
2535,-0.9217787,0.10241543,0.61723864,0.47898462
2536,-1.7935418,0.08345022,0.47372222,-0.61772984
2537,0.7023439,-0.30181155,0.7223543,0.20473129
2538,0.03604058,-1.6567546,0.2541145,1.2215421
2539,-1.5155544,-0.31494132,0.8991424,-1.6845832
2540,-1.57609,-0.24462134,0.06025541,0.3237551
2541,0.31086543,-1.0259598,0.1628083,1.9319232
2542,1.698106,-0.47125208,0.8524182,1.951995
2543,-1.5236242,0.1837597,0.44343817,-1.2211587
2544,0.017473478,-0.43842494,0.7589928,0.37475878
2545,0.70901906,0.14350165,0.8300806,-0.8255152
2546,0.99956846,0.5695032,0.28677905,2.0258229
2547,0.5061897,-0.07747511,0.09299815,-0.58603454
2548,-1.5276427,-0.62422687,0.07168436,0.47120118
2549,-1.0608698,-0.4631652,0.8690568,1.7002438
2550,-0.64301354,2.4440963,0.6590992,1.2618208
2551,0.44144467,-1.7239195,0.48884118,0.8183553
2552,0.17993309,-1.293557,0.7591337,-0.4094918
2553,-0.40214407,-0.6249278,0.93833816,-0.4610114
2554,1.8450071,0.37459755,0.9185301,-0.89568365
2555,0.4152683,-1.0301003,0.47495294,-0.2629619
2556,-0.9558705,0.99261266,0.7330767,0.026407788
2557,-0.80480796,1.1801479,0.41953647,-0.5736664
2558,-2.14556,-0.74239093,0.27299953,-0.028025413
2559,-0.07975251,-1.9026476,0.96891093,-2.0566106
2560,1.0553105,1.9550202,0.25062513,0.7082278
2561,0.8758167,0.6649653,0.8239391,-0.7241188
2562,0.5143894,0.3561341,0.673198,-0.5457022
2563,-0.5134757,-0.6628989,0.69448423,-0.47919258
2564,0.7187925,-0.39149582,0.71476984,-2.0189779
2565,-1.7141862,0.52263725,0.22996318,1.112711
2566,-0.11474875,1.3382694,0.28221607,-1.1515628
2567,-0.6631003,-0.32068118,0.8752761,0.16930208
2568,-1.4186597,1.4316984,0.6692178,0.9351266
2569,-0.93902,0.78355634,0.36628878,-1.095786
2570,-1.9423892,-0.9269449,0.21375799,-0.31904048
2571,-0.111863784,0.122167446,0.89731705,0.28526843
2572,-0.51110435,-0.36259204,0.9654633,-0.5006107
2573,-1.3198841,-0.43490654,0.6501632,-0.22821844
2574,1.4805505,0.037213914,0.1095351,-1.620174
2575,0.59400004,-0.9858215,0.44783616,1.1922796
2576,-2.0023453,0.8681242,0.9915606,-0.6572054
2577,-0.18659842,-0.06258149,0.13419807,1.7255691
2578,1.0597299,-0.8340588,0.47587562,1.1252267
2579,1.5413296,-1.2467117,0.37757194,1.1837281
2580,1.7820309,1.2202948,0.7545557,1.2453599
2581,-0.6186269,0.55258137,0.0051597357,0.20815158
2582,0.3806095,-1.1555752,0.37625277,-0.2112179
2583,0.6208945,1.7874448,0.2919358,-0.19364394
2584,1.727696,-0.29707724,0.37133455,-0.25531775
2585,0.022276958,-1.818605,0.1859442,-0.06711385
2586,0.39445898,1.0378933,0.6907835,0.589756
2587,0.026837032,-0.46188557,0.8474642,-0.793591
2588,-0.920452,0.1785281,0.103486896,-0.5230163
2589,2.2120924,-0.24873559,0.41175056,-1.0464687
2590,0.39471057,0.9772316,0.29472768,-1.7099912
2591,1.9313729,-0.46770027,0.13701367,-0.8501265
2592,0.072808675,-1.0895987,0.32409763,-1.7567564
2593,-0.90684247,-0.8795123,0.65433156,-0.92980254
2594,2.1344311,-0.060093075,0.61105764,0.52575487
2595,0.5777191,0.70424765,0.13492703,-1.1396611
2596,-1.0545092,0.6125136,0.7266449,-0.0046904157
2597,-0.32774273,-1.8212802,0.8425914,-0.09464044
2598,1.9559765,1.209857,0.37636125,-0.06848646
2599,-0.27910462,-0.30307618,0.74434936,-0.72896385
2600,0.7554444,-0.7839043,0.16525257,-0.19838703
2601,-0.454462,-0.0006773352,0.8791734,2.0411048
2602,-1.4456881,0.42711776,0.041200757,1.0431615
2603,-0.8618649,-0.6222304,0.40227866,2.5429988
2604,-1.1007003,-0.175252,0.57217705,-0.6135259
2605,1.0685879,0.44488552,0.14064598,-0.025703393
2606,-0.89574164,1.141858,0.64299417,-1.2773284
2607,0.8843589,0.8702569,0.64174867,-0.28941375
2608,-1.3910277,-1.7110742,0.75225997,0.916232
2609,0.7316756,-0.029623233,0.5568956,0.11152056
2610,0.5436384,2.1038203,0.69745994,-0.70935625
2611,-0.24206637,0.68949574,0.032801867,-1.883067
2612,0.33671105,-2.1065757,0.739138,-0.91309184
2613,-1.6119896,0.8580647,0.12125695,-0.63275933
2614,1.8072426,-1.375743,0.5693152,0.092482395
2615,-0.18738388,-0.55342096,0.9565277,1.4915352
2616,0.5986126,0.52791905,0.0032590628,-0.18556562
2617,-0.26884955,0.21878572,0.090185165,-0.9855135
2618,-0.33366707,-0.53721815,0.37582684,-0.8267069
2619,0.8349826,-1.1348047,0.22042537,0.07362092
2620,1.3150647,-1.2047973,0.8125545,0.23188917
2621,1.8501699,0.72471225,0.4560548,-1.1454108
2622,0.24257979,0.6286396,0.5022044,-0.30796728
2623,2.2513678,1.6562287,0.20379698,1.978266
2624,0.22610135,-0.6770229,0.20219922,-1.794202
2625,0.98459345,0.41284025,0.7293737,-0.60835814
2626,-0.1827346,-0.685604,0.18795097,1.2694589
2627,-0.94457215,-0.48237944,0.78959215,0.29708114
2628,0.05682071,0.41418812,0.6818342,1.2484109
2629,-1.240586,1.4942708,0.9589981,0.40037334
2630,-0.3063243,-0.85267085,0.49827433,-1.2013874
2631,1.1388403,1.4670067,0.84279084,-0.18192762
2632,-1.7281368,-1.307737,0.27979767,1.0866876
2633,-1.2401934,-0.84629005,0.40697742,-0.52453846
2634,0.37514922,0.4851018,0.6195265,-0.006932749
2635,0.1494143,-0.75995266,0.14298224,1.5197206
2636,0.49288067,-0.14816329,0.56730163,0.39035478
2637,-0.7097405,-1.9725207,0.14099467,2.1195958
2638,-0.45316854,1.0215445,0.82215047,0.06867022
2639,2.1575434,-0.28071153,0.36154544,-1.7361059
2640,0.049474463,0.56372863,0.055628538,0.16050209
2641,0.70858264,1.1522372,0.47732925,-0.53776264
2642,0.6803574,0.7896796,0.5710113,0.5990677
2643,-0.34151408,-1.0477333,0.445647,0.021739861
2644,1.2419366,-0.20870814,0.8790723,0.50412565
2645,1.8617896,0.59487075,0.3434584,-1.169867
2646,-0.6482145,-0.47894523,0.055263877,0.7607823
2647,-0.01572174,0.8940169,0.7258377,1.7083027
2648,-0.21157971,0.5756463,0.8996866,0.15650426
2649,-0.25032407,1.0158136,0.22527432,0.60171455
2650,-0.2944778,-0.5675172,0.61265707,-1.4323252
2651,1.0608318,-0.7627528,0.51737535,-0.67889017
2652,0.044774283,0.12155,0.098670244,-0.472798
2653,1.066915,0.7150143,0.53474057,0.5047236
2654,0.7847247,0.69359046,0.26056337,1.3716012
2655,0.535348,1.1791142,0.5740855,0.28811327
2656,0.25026932,1.616194,0.82170975,-0.5930837
2657,-2.2287855,0.69635665,0.7833779,-0.4946648
2658,-0.12981254,1.4452571,0.83430135,1.1180248
2659,-1.0038419,-0.7765719,0.77972937,1.5848325
2660,-0.13527933,0.86434966,0.99670506,0.8465186
2661,-0.22721322,0.0031866257,0.631137,-1.343229
2662,-1.4175278,0.8470639,0.10063648,0.6731538
2663,-0.728863,-0.06451722,0.16084719,1.4188751
2664,0.6786616,-1.2256302,0.018321991,0.3870265
2665,1.9687642,-0.2598356,0.16579807,0.013320373
2666,1.6796157,-0.019017255,0.7954732,-0.16597241
2667,-0.30352795,-0.19297324,0.6033977,-1.9574512
2668,0.698948,0.3227441,0.25957954,0.55055207
2669,0.47249007,1.011376,0.22217596,-1.0535992
2670,-1.250795,-0.07314588,0.83007956,0.19817966
2671,1.369352,1.1016144,0.22377682,1.0193336
2672,-0.32142055,-1.2828388,0.85071206,0.68360865
2673,0.23828726,0.5383858,0.29904568,0.22544631
2674,2.2677774,-0.1123425,0.65464175,1.8608756
2675,1.3087758,-0.9698405,0.4523189,-0.35091642
2676,-0.195716,0.9785346,0.6672895,0.11798147
2677,-0.5400893,-0.111250706,0.42395067,0.6654697
2678,-1.3485888,0.9972192,0.41243267,-1.1369241
2679,-0.2022915,-1.4433225,0.90579283,0.3436081
2680,-0.38198793,0.93293846,0.831578,-0.6692284
2681,0.39705452,0.54114115,0.6912421,-0.5732109
2682,-0.18165573,-1.4314774,0.24922979,-0.8304723
2683,-0.14938334,-0.69172496,0.92714334,1.2026302
2684,-3.010729,0.10323101,0.37925315,0.35393527
2685,0.073429465,0.0006691178,0.1383791,0.69688755
2686,0.3822179,1.0085522,0.15427732,0.008207076
2687,0.8467841,0.77232,0.20652556,0.5872745
2688,-1.1383448,-0.4563354,0.9606731,-0.49528494
2689,-0.042384945,1.1405417,0.15653944,0.9640654
2690,0.35126647,-0.5499685,0.7175323,-0.38865808
2691,0.75022024,0.9670397,0.046702147,0.8913976
2692,-0.20666155,-1.4206045,0.88404906,0.95768565
2693,0.4123988,0.60629827,0.0827831,0.0015589845
2694,-0.49859646,-0.75879496,0.7575213,1.0155745
2695,1.3956355,0.22562778,0.8281981,-0.06629298
2696,-0.3001085,1.1659253,0.79700494,2.6325746
2697,0.9624749,0.7274434,0.6310557,-1.3026663
2698,0.15423292,1.8726212,0.47310984,-0.115633726
2699,0.40986177,0.79358715,0.95224667,0.9165803
2700,-1.9032505,-0.344886,0.5358666,1.3436168
2701,-0.861479,-0.6454284,0.80201244,0.28634793
2702,-1.4088386,0.14452459,0.0986563,0.31061423
2703,-0.71166426,-0.68962896,0.22653139,0.1855144
2704,2.8208268,0.5451205,0.49819946,1.428318
2705,0.4331725,-0.019991271,0.5019518,1.0766878
2706,0.48255384,1.2702465,0.51753056,-0.84722877
2707,0.7489539,0.85913086,0.64676833,-1.9477385
2708,-0.66444933,0.64028865,0.94397056,-2.3424618
2709,-1.6064259,1.629167,0.6544924,-1.4618914
2710,0.03757872,-0.5664606,0.8167727,0.50771433
2711,-1.5189174,-0.9665497,0.17291677,-1.6364546
2712,-1.2619091,-0.7058769,0.5859544,0.16924146
2713,-0.00062325,0.08085404,0.79296875,1.8161811
2714,-0.55827254,-0.106381774,0.6430421,-1.1193508
2715,1.3207968,-0.47187757,0.80479455,-1.3836932
2716,-0.45027214,0.8427372,0.9274764,0.7167821
2717,-0.06432858,0.6541729,0.4797696,-0.28605142
2718,0.9411314,-0.20509303,0.98240674,0.823928
2719,0.3872365,1.0330167,0.41160226,0.9244359
2720,-0.06014636,-1.3772379,0.6983136,0.45264396
2721,-0.037990335,-0.47291523,0.10298693,-1.0143443
2722,3.8096092,-1.8107163,0.8340374,-1.2070975
2723,-1.1239133,-0.46983814,0.63133764,-1.6052305
2724,0.9593815,1.1487572,0.3503089,1.1447561
2725,-0.52470887,0.9645134,0.95869267,-0.036769122
2726,-1.869577,-0.76370966,0.23283374,-1.9791453
2727,1.1118023,-0.07610309,0.6512058,-1.0923778
2728,0.38150117,1.6655923,0.31041813,2.029516
2729,-0.48456356,-2.846271,0.55380666,-1.154669
2730,-0.23141602,1.1396208,0.699998,-0.57233566
2731,1.1368253,0.3999305,0.71265364,0.44190225
2732,-0.5614472,-1.7531315,0.90949965,-2.6697161
2733,-0.56617963,0.2518732,0.036960483,-1.0861077
2734,1.0267732,0.6008822,0.71713316,0.65240145
2735,-0.36890727,0.48181877,0.18471336,-0.5200742
2736,0.5167033,-1.1572826,0.85897636,0.092432275
2737,0.26808456,-1.139186,0.046082735,-2.0457175
2738,1.0582106,0.044126112,0.21806073,-1.8954427
2739,0.7172068,0.1744499,0.1200794,-1.230918
2740,-0.001960142,0.7083764,0.72306895,1.3421923
2741,-1.3770243,1.443872,0.3178774,1.9280479
2742,-0.37910947,-0.6614951,0.23715043,2.4199154
2743,2.1437647,1.6442052,0.8280841,0.9179548
2744,1.0190723,0.20790182,0.24969304,0.22422783
2745,-0.6193207,-1.1336949,0.35541582,0.47094977
2746,-0.9500175,0.22015642,0.56720173,0.6799811
2747,0.41121745,0.14162858,0.4133823,1.2556807
2748,0.3202888,-1.1427706,0.74459803,-0.28094062
2749,-1.3311806,-1.2812756,0.29508424,-0.60219115
2750,-0.21313718,0.019312983,0.32019246,0.29945105
2751,-0.5257389,-0.3777828,0.62546015,0.15358704
2752,0.3383974,-0.07177162,0.6649456,0.85654753
2753,-1.6408813,0.9037163,0.36496234,-1.0574476
2754,0.3166592,-0.5131168,0.26027286,0.53642595
2755,0.45806262,0.1222412,0.6660707,0.6118807
2756,0.88420784,0.25851592,0.3709693,-0.7037669
2757,1.2028667,0.48563963,0.83283305,0.033687193
2758,0.33286268,1.2094165,0.9082066,-0.94385713
2759,-0.75924057,-0.07542224,0.51953053,0.74316764
2760,0.43885908,1.0724376,0.5964453,-1.9271926
2761,-0.10903685,-0.16284366,0.06390619,0.5066072
2762,1.0624346,0.19062223,0.2008264,-0.66845363
2763,1.4029673,-0.3895918,0.8564404,-0.31034344
2764,2.9427006,-0.31943604,0.46644032,-1.2120184
2765,1.5460008,-0.55452424,0.25397122,0.21145548
2766,0.66005296,0.9574356,0.34647226,0.48130473
2767,0.91950095,0.82256764,0.6805644,0.00096643716
2768,-1.145325,0.21770884,0.6981392,0.8058943
2769,0.7856699,-0.3931323,0.5062891,0.61415887
2770,1.447068,-0.12528287,0.6251786,-0.34136963
2771,-0.93326277,0.23498103,0.76029193,1.0652872
2772,-0.05335265,-0.1295585,0.8703859,-0.6256959
2773,1.9217789,-1.4023125,0.26886964,0.8820101
2774,-0.8139754,0.4173166,0.94265234,2.1154757
2775,1.6144834,0.12012416,0.6613561,1.1545063
2776,1.9831423,0.4723046,0.97444606,1.2365546
2777,-0.9421633,-0.06298449,0.901899,-0.05026954
2778,1.9272528,0.34958947,0.5227319,1.5427954
2779,-0.11969362,-1.1717569,0.8955941,-0.43663847
2780,-0.10452061,1.1925755,0.07639778,-1.2386545
2781,1.6562356,-1.0083095,0.33320022,-1.8093631
2782,0.8805601,0.770082,0.10549724,2.0388072
2783,-0.08790826,-0.6758212,0.28426957,1.5308903
2784,-0.99473566,-0.87263525,0.08323991,0.037222285
2785,1.8801866,0.4089117,0.44334733,-0.99431425
2786,-1.2604351,1.1577972,0.032571197,0.18663627
2787,1.6485202,-0.5183512,0.9504833,0.515716
2788,1.5873648,-1.3550948,0.7145964,-0.86173666
2789,-0.19300005,-1.6314013,0.033804536,0.6640762
2790,0.6604343,1.3283784,0.64423454,-0.87789154
2791,-1.1605695,0.26080635,0.582567,0.85121715
2792,-0.239155,-0.82638216,0.15528691,2.186958
2793,-0.48000085,1.4897465,0.55785036,-0.3191323
2794,0.1786034,0.025870634,0.24614525,-0.69790596
2795,0.93382025,0.47173613,0.20821512,0.49137536
2796,-0.41032577,1.4884686,0.92536557,-0.67184657
2797,0.23922189,-1.6817093,0.113503575,1.0408427
2798,0.8539212,0.51984245,0.40306628,-0.9982621
2799,-0.4720723,-0.1280517,0.83397233,1.1405864
2800,-0.45403627,-0.73462856,0.7944714,-0.3224141
2801,0.37956047,-0.15795563,0.83702195,0.6871199
2802,0.5844059,-1.0124035,0.79528904,-0.22531283
2803,0.3786175,0.37631196,0.49136817,-0.58920157
2804,0.6952752,2.167546,0.33890116,-0.24184358
2805,0.66045135,0.8804055,0.58155906,0.30175695
2806,0.8824118,1.1054691,0.71111,0.10739199
2807,-0.26862,0.18326406,0.82622945,0.09180991
2808,1.2331766,-0.14142832,0.4042238,-1.4127258
2809,-0.29983065,-0.17298211,0.21621609,-0.20401287
2810,-0.49427715,1.3367547,0.38894022,-0.23852104
2811,0.1951146,1.9486483,0.68556464,-1.1398625
2812,-0.12343482,0.034726772,0.87436485,-0.3630969
2813,1.6234517,-0.47306228,0.5830804,0.09234406
2814,-0.62432384,-0.64941496,0.1290617,-0.63548094
2815,0.083830446,-0.36772788,0.81420505,0.07177926
2816,0.3885319,0.8654559,0.84465957,-0.559375
2817,0.4968322,-0.75950927,0.41975224,-0.65074974
2818,-0.7892049,-0.16490033,0.47306156,-0.1946896
2819,0.24052738,-0.50226974,0.89546895,0.69914794
2820,0.15881574,-0.121858716,0.015695572,0.61336166
2821,-0.44919533,1.5482061,0.3312117,0.75878596
2822,2.4890559,-1.8580598,0.9906099,-1.6805822
2823,0.31528375,-0.5285118,0.5259602,0.59461224
2824,0.57443005,1.1913842,0.22017086,-1.9136448
2825,-0.97009546,-1.1715586,0.52321637,-0.16325365
2826,0.8544794,0.017849743,0.82708395,-0.9338995
2827,1.1817466,0.46082276,0.85950005,-0.33397195
2828,-2.5539165,1.6045443,0.33952975,-0.016441077
2829,-1.5790311,0.6465466,0.52281344,0.13880648
2830,0.026672928,0.73171496,0.853912,-0.2852717
2831,0.11386764,0.28644383,0.23980427,-0.3327804
2832,-1.1370399,-0.18248573,0.7441182,0.9912334
2833,1.0354335,-0.14772284,0.7002386,-1.594408
2834,-0.31528544,0.050635014,0.18742478,0.58704656
2835,-2.1436803,1.0225368,0.55896604,-0.9772262
2836,0.5012315,-0.42980635,0.5813986,-0.5462835
2837,-0.7752569,-0.9820685,0.74037695,0.4901741
2838,-0.102766134,1.0912088,0.27102447,-0.017351693
2839,1.1476377,-0.8208222,0.23973036,0.36693716
2840,-0.8282651,-0.29169852,0.13733184,-0.13167323
2841,0.45831853,-1.1544647,0.55569816,2.0281563
2842,1.2160038,-1.6760002,0.5126258,1.0378642
2843,-0.021649448,-1.2230453,0.54787874,-1.8528731
2844,-0.6889745,-3.4319732,0.5198895,-0.80756766
2845,0.8997842,-0.77604276,0.51914406,-0.2630915
2846,-1.3125825,0.24350615,0.9831407,-0.36022806
2847,0.2801765,0.51277065,0.30546665,0.38200992
2848,-0.5979202,-0.7689368,0.6377747,0.15577196
2849,0.3038107,0.6497262,0.681581,0.2591404
2850,0.27079988,-0.04154693,0.7421222,-1.0449035
2851,0.067476384,2.1036208,0.14042759,1.0357467
2852,1.190911,0.10900514,0.7310225,-0.12118381
2853,0.9914621,0.097278684,0.30716705,1.5311663
2854,0.5895324,-1.1226346,0.55470836,-0.16605511
2855,0.6745765,-1.0038103,0.94907355,1.6452868
2856,0.107143745,0.2582873,0.8684163,0.34746364
2857,0.99637115,-0.57252395,0.627118,-0.7498748
2858,0.42568898,1.4226397,0.5348308,0.22362022
2859,-0.13238521,-1.2364382,0.025021434,-1.2951012
2860,1.6910603,-0.054140866,0.32294083,0.55287904
2861,3.165936,-1.1566057,0.7448425,1.961329
2862,0.6163384,-1.3517731,0.83066666,-0.3010642
2863,0.28716868,-0.21399558,0.54707634,-1.2858486
2864,0.3681296,-1.0671359,0.72041154,-0.19038866
2865,1.0671505,-0.5150418,0.33577538,1.8893425
2866,0.2961819,0.36041793,0.9493524,0.75342673
2867,-0.34937394,1.2360997,0.94984055,-0.7712311
2868,2.3773878,0.76064986,0.3793968,1.2145044
2869,-0.7177373,-1.2730068,0.06364012,0.67052996
2870,-0.008600777,0.6316411,0.90308523,1.1112614
2871,0.13703024,3.0684588,0.9787173,0.72018373
2872,-0.30037513,-1.6145225,0.165681,0.54008573
2873,-0.24803667,-0.25293797,0.90246856,1.2601619
2874,-0.86588246,-0.5626233,0.2547989,-0.7270274
2875,-0.4034909,-0.09477191,0.15666139,-1.2290113
2876,-1.6752691,-0.4219763,0.22894645,0.85818905
2877,-0.88650256,-1.7930108,0.40965176,1.5556065
2878,0.13602859,-1.2707015,0.5985153,0.42271215
2879,-1.1239526,-0.16741072,0.36881292,0.18659799
2880,-1.0475259,0.36373067,0.09128499,-1.0064461
2881,0.29179096,-1.7947986,0.9289477,-1.1327204
2882,-1.209189,-0.3487858,0.9500917,-0.95006865
2883,-0.68391305,-1.4051731,0.6050782,-1.2468637
2884,-0.8843331,0.13441405,0.90224254,3.2074058
2885,-1.5038216,0.11082572,0.07392073,0.971732
2886,-0.8929815,-0.34846252,0.691455,-0.7392574
2887,0.44563612,-0.2813211,0.9548769,0.78791726
2888,-1.559421,1.6133745,0.5886067,0.07906352
2889,0.2172952,-2.7486503,0.02073121,-0.4837992
2890,0.66859657,1.3992594,0.14134073,0.36844847
2891,-0.8043492,0.41784576,0.739223,-0.19399166
2892,0.26716965,-0.6940993,0.7334361,-0.4263507
2893,-0.95114756,-0.09780785,0.93029237,-0.44363472
2894,0.77988976,0.5519751,0.6094736,-0.33787996
2895,-0.44242403,-1.2662699,0.30271423,0.3534486
2896,-0.5620532,-0.96406984,0.20964217,0.4794723
2897,-1.3578774,1.9831977,0.37419808,0.95666236
2898,0.71270144,0.34049287,0.6345577,0.16500135
2899,-1.6470561,1.8286682,0.110281944,0.7087723
2900,1.1570786,-0.32162446,0.3824433,-0.33938912
2901,0.2693216,1.4381467,0.91300285,2.5642092
2902,2.30797,-0.60233045,0.006769657,-0.55727863
2903,0.8259259,-1.0708827,0.11011577,0.13943918
2904,0.14295673,0.014955344,0.2602179,-0.120193236
2905,2.430683,-0.8349121,0.5535635,-0.81433797
2906,-1.0229924,0.22583927,0.29310477,0.51722074
2907,0.048257135,-0.5245275,0.40937853,0.17813584
2908,1.3313804,1.7274433,0.02934146,-0.6453283
2909,-1.2868807,-1.4251741,0.39204228,1.1079664
2910,-0.6051052,-0.04698738,0.41189218,0.54949844
2911,-1.4076217,0.12839016,0.5185224,0.69577414
2912,-1.949886,-0.03570824,0.8086022,-0.21353091
2913,1.22444,-1.3060683,0.05391717,1.5592139
2914,1.7236811,-0.6596197,0.52246714,-0.40429556
2915,-0.19995919,-0.19468017,0.71381617,0.2501118
2916,0.24815576,1.8669116,0.43581438,1.2135216
2917,0.14358285,-1.2773284,0.045428634,-0.8490755
2918,0.81665957,0.6391417,0.9660679,0.3985212
2919,0.37047994,0.2575008,0.08918834,-0.5604099
2920,-0.3276627,2.2925007,0.7930809,0.4081994
2921,-0.16831806,1.2844439,0.35370994,0.21380039
2922,-0.39446428,0.49125165,0.042889833,-0.089084506
2923,0.57828933,-1.6825197,0.61492145,-0.28357875
2924,-0.38861555,-0.32896763,0.038897157,0.639218
2925,0.150951,0.30904797,0.7903849,-2.8428552
2926,-0.39639878,0.04690676,0.6384181,1.025462
2927,1.267046,1.340419,0.109717965,1.2322395
2928,1.5163355,-0.23800333,0.48338544,0.11384719
2929,2.0094445,-0.12897755,0.26981568,-1.950236
2930,0.6495646,-0.07760758,0.79532015,0.9005966
2931,-1.5589876,0.116031565,0.6622354,1.6723253
2932,-0.9834022,-0.7235717,0.19079697,-0.5541166
2933,-1.661808,0.3477471,0.24857867,-0.7961155
2934,-0.94928384,0.04223974,0.678123,-0.9851377
2935,-0.48975042,0.7034081,0.7222749,-0.32357356
2936,-0.6006759,-0.15575184,0.8081715,0.36980247
2937,-0.20556208,-0.17687441,0.1402483,-0.7401778
2938,-0.87523377,1.8220946,0.4574529,0.88603675
2939,0.48634985,-0.08933921,0.23188305,0.100225866
2940,-0.27840725,-0.65399396,0.5504192,0.25846338
2941,-0.020223198,0.39348146,0.042634726,-0.3767564
2942,1.883413,0.9503655,0.015486598,-0.7851445
2943,1.1090407,-0.0200104,0.62215424,-0.3526562
2944,1.0863867,0.37244058,0.69471097,0.4357697
2945,-0.17884159,-0.73789257,0.0835557,-1.2600642
2946,1.4100549,1.0142376,0.107316375,0.36465222
2947,1.5816178,0.38647586,0.17298043,-0.20668502
2948,-0.40346694,-0.0808536,0.45632005,1.1275027
2949,-0.3989022,0.22311136,0.82342124,-1.2791145
2950,-0.180069,-0.7061759,0.3620962,-1.5158306
2951,0.76494354,0.35593924,0.38706493,-0.7427877
2952,0.80294615,-0.17151153,0.5169487,-0.4523783
2953,-1.086998,-1.0162134,0.55227673,1.2337891
2954,0.892368,-0.55674195,0.6694,0.07352476
2955,0.25206664,-0.7680604,0.46909678,-0.16708647
2956,-0.78186846,-0.08408547,0.17475176,0.42411786
2957,-0.8977738,0.47683215,0.63181734,-1.5773296
2958,-0.051987574,-1.6586047,0.2516775,-2.1991718
2959,0.48264784,-1.0233591,0.081936,-1.5719398
2960,0.04293272,0.3975732,0.09398389,-0.46805403
2961,-0.34995115,1.1214613,0.37765396,-1.0851575
2962,-1.1882902,1.1884364,0.11749852,0.6575375
2963,-1.5902888,-0.5212386,0.093759775,-0.24318713
2964,-0.41215786,1.38465,0.5611024,0.07702179
2965,-0.28034788,0.7825231,0.77581227,0.80351466
2966,0.44630915,2.00281,0.71508217,0.53920984
2967,-0.6334089,1.9963814,0.8426379,-0.6186609
2968,-1.6499586,0.1428378,0.77526546,-0.02557546
2969,0.29883954,-0.15318386,0.17840695,-1.1183941
2970,-0.2050555,0.55315965,0.46437144,1.5084872
2971,0.65870714,2.0398924,0.068769455,0.06508122
2972,0.24060829,0.016862014,0.047812104,-0.25493002
2973,1.3546709,0.19477138,0.23664284,-1.5525281
2974,-0.33039594,-0.73525065,0.52412474,-0.89942133
2975,0.2834405,0.46583816,0.37496865,-0.32895723
2976,1.526942,1.1489394,0.43275416,0.42792058
2977,0.3145866,0.8187367,0.36514986,-1.7460662
2978,0.2930537,1.0036162,0.34351838,0.5801351
2979,2.4251826,-0.09159731,0.85721076,0.24729578
2980,0.8371814,-0.14701809,0.29931128,0.73624134
2981,1.9663192,-0.5590843,0.09400928,0.08504586
2982,-0.20945825,0.4413617,0.20254362,0.5528602
2983,1.0632987,-0.6072231,0.111884,-0.8280331
2984,0.2207164,-0.7166483,0.28004766,0.9416355
2985,-1.5491652,1.1298257,0.7245724,-1.0761349
2986,0.90390295,-0.9501329,0.78639185,-1.0914644
2987,1.2643819,1.1160736,0.11117518,0.9742952
2988,0.45363137,-0.9504546,0.8973352,1.0184798
2989,0.4433306,-0.72896785,0.45309234,-0.33934227
2990,0.23117125,2.9090655,0.5334704,1.706142
2991,0.37559137,3.2935264,0.21079993,0.33215085
2992,0.8261033,1.0666453,0.66916883,-0.61562073
2993,-0.75016695,0.3003134,0.676409,1.2014941
2994,-0.28128347,1.0779642,0.43687594,0.017816272
2995,-0.83238906,-0.5636283,0.62124217,-0.91190785
2996,-0.4620378,-0.12425656,0.1321826,-0.28222927
2997,-0.39051104,-0.06322701,0.7716613,0.20090292
2998,0.37695643,-0.0644747,0.92373693,-1.1832366
2999,0.88122874,0.14615501,0.9738462,-1.3754337
3000,-0.28015706,-1.2860523,0.9317428,0.7257263
3001,1.2510313,-0.33223152,0.11984813,-0.068994455
3002,1.8957047,0.5015622,0.096791506,0.16097641
3003,1.2722833,0.5736676,0.733984,0.48070186
3004,-1.7324759,-1.7252548,0.07696581,1.7075382
3005,0.23492788,-0.33088353,0.89016616,-0.46234405
3006,1.694044,-0.04665234,0.17597115,-0.24823077
3007,1.103049,1.7035846,0.58977234,0.44801512
3008,0.8495685,-1.3134137,0.1239115,0.6594301
3009,-1.5707445,0.3869112,0.5933727,1.2096645
3010,0.69905865,-0.6800506,0.10294092,-0.37246603
3011,-0.15770331,-0.072943345,0.6005546,-0.48656225
3012,-0.37644747,0.58277905,0.91834724,-2.8817124
3013,0.8637524,0.9763544,0.30829394,0.38315547
3014,-1.1090007,2.2176235,0.97681546,0.83178526
3015,-0.8176432,-0.08557473,0.41147614,-1.0433367
3016,0.16300672,0.14449319,0.32982087,1.6416862
3017,1.1363611,0.3472954,0.8929571,-0.5762976
3018,-1.3306134,0.02196462,0.64439034,1.7794372
3019,1.0165719,0.70919615,0.30808723,-0.9310974
3020,2.809265,-0.447213,0.73656046,0.3544316
3021,-0.5584301,0.12791717,0.29124284,-0.9337309
3022,-0.5246622,0.4686947,0.15120924,-1.7306749
3023,0.4397354,-0.47232956,0.24991775,0.7316537
3024,-0.28784338,0.03240159,0.7980294,1.0416505
3025,-1.3346865,-1.0150118,0.7889224,0.6811873
3026,-0.01268549,0.12943901,0.24891472,0.1337447
3027,0.34253916,0.6039381,0.5061623,0.5516922
3028,-0.1017109,0.531608,0.11238468,0.27953696
3029,-1.2788681,0.11703038,0.101450086,-0.40652716
3030,-0.20420966,0.2437949,0.9253458,-0.21295652
3031,-0.1259807,-0.15526913,0.86776495,-0.547405
3032,-0.8158979,0.121233635,0.85421824,-0.43183425
3033,-0.4735195,-0.9164023,0.5841969,-0.7755878
3034,-1.1561649,0.4113104,0.81606305,-0.9967121
3035,1.4717094,-2.1145651,0.18486214,-0.4336545
3036,-0.9787316,-0.046541665,0.76578736,-0.066426545
3037,0.6919237,-0.20779906,0.29121017,0.19570486
3038,-0.97088933,2.376607,0.956936,-1.6447219
3039,-1.8430871,-0.65928876,0.27424502,-0.24042912
3040,0.12659712,0.18061796,0.6555786,-0.9372294
3041,-0.37820384,0.4867414,0.2927221,1.2193774
3042,1.7175847,-0.85289055,0.6314559,-0.8510954
3043,-0.543385,0.073462725,0.5896174,-0.19059469
3044,0.65295357,-0.5345152,0.7223742,0.8261898
3045,-0.6633713,-1.1850324,0.79061854,-0.45318314
3046,0.87621266,-1.8513371,0.81338453,0.14265062
3047,-0.8515955,1.098701,0.3646834,1.7486458
3048,-0.09997046,1.4250443,0.70242417,0.37600374
3049,0.92068315,0.8637819,0.6608113,-0.34900236
3050,3.0221035,-1.0347109,0.7283393,1.3675069
3051,0.5130045,0.70906126,0.47876477,-0.22088249
3052,-0.5339923,-0.041524798,0.6087979,0.10254851
3053,0.5614232,0.5614607,0.6863855,-0.063778825
3054,1.1564748,-1.4191339,0.44708574,0.9949217
3055,0.5617007,1.4434068,0.3439479,-0.7659824
3056,0.5026187,0.47781605,0.537259,-1.2040505
3057,0.3314446,-2.316727,0.7300947,0.7748757
3058,-1.4694059,0.1960789,0.9072591,-0.48008463
3059,1.3270987,0.6043904,0.10716629,0.34814867
3060,-0.55354047,2.086455,0.07158649,-0.74310356
3061,-0.07701355,1.7842386,0.5216577,-0.85041827
3062,1.125899,-2.0257053,0.073633194,0.03993753
3063,0.04196399,1.7670553,0.7070868,-1.3722395
3064,-0.8731473,-0.6562163,0.28714168,-0.39504898
3065,-0.2232313,-1.731378,0.36122048,-0.069695055
3066,-0.45568523,1.5206997,0.9361253,0.929047
3067,-1.2326388,-0.4648667,0.6887207,-0.7343546
3068,1.5229628,-0.45916918,0.80289865,0.9374383
3069,0.21817029,-0.13475494,0.22460055,0.9832542
3070,-0.2145698,-1.1863354,0.64272976,-1.0737697
3071,-1.3112564,-0.07635992,0.40750766,1.5030856
3072,-0.61425036,-0.94523984,0.28608286,-1.9163443
3073,2.0104644,-1.7156749,0.82067025,-0.7898839
3074,0.085563794,0.41719994,0.42516267,0.93699414
3075,0.2800556,0.18772888,0.15957868,-0.1642249
3076,-0.35769948,-0.4659373,0.9973471,0.08751367
3077,-0.18870142,-1.3484132,0.5779989,-2.2371874
3078,0.7477258,0.43134212,0.060516596,0.54607797
3079,-0.80018747,-0.53862023,0.9022212,0.18079929
3080,0.67274314,-2.3780973,0.94984686,-0.88006014
3081,0.0035700053,0.0908344,0.043900847,-0.20890054
3082,-1.242761,-0.1430251,0.84174395,0.0880293
3083,-1.7539824,-0.46098447,0.27879262,-1.4569516
3084,-0.21763648,0.35879603,0.06568265,-1.2548138
3085,0.15291585,0.23664686,0.3874762,1.0606755
3086,1.1774404,-0.30960044,0.411754,-0.19376147
3087,0.5359971,0.036052246,0.9234227,1.0262798
3088,0.97563225,0.2815653,0.57346725,-1.2050809
3089,-0.7404584,-0.19192551,0.24883485,0.5107668
3090,-0.8432391,0.13330664,0.844162,0.20477735
3091,0.49418044,-0.29279903,0.65993106,-0.5573809
3092,0.7738607,1.6357602,0.117016196,-1.3649595
3093,1.1496005,-0.81704056,0.7941154,-1.9391689
3094,-1.0474312,0.5170551,0.76901233,0.5881215
3095,-0.15288877,-0.62587434,0.18503976,-0.935833
3096,-0.49194205,0.348684,0.45634043,0.6077774
3097,-0.9820714,-1.2262832,0.5842285,-0.0005321119
3098,-0.43418077,0.51081103,0.081445456,0.2659405
3099,-0.74326783,1.1046355,0.30499554,-1.0883461
3100,-0.2815154,0.52174133,0.74093866,0.9923423
3101,-0.4519613,-0.09140256,0.84769857,0.93270993
3102,0.79369235,-0.6201382,0.4997679,1.7521812
3103,0.16599043,-1.0016677,0.58944774,0.4862923
3104,-1.078338,-0.97208005,0.94968057,1.0560488
3105,1.0902668,-2.0120578,0.57581675,1.1374121
3106,-0.35684556,1.0915601,0.09036517,-0.010614572
3107,0.76342785,-0.50904405,0.8828621,0.15357617
3108,2.0703669,-0.29821044,0.3089403,0.88540345
3109,-1.7315373,-2.040919,0.5072007,0.9305332
3110,0.24851231,-1.2767029,0.057439327,-0.44783294
3111,-0.11589874,1.2803762,0.82524467,-1.3084251
3112,1.7413687,0.5834265,0.6486527,0.5415304
3113,-0.03840269,-0.76472086,0.43459666,-1.4668189
3114,0.15048075,0.6816366,0.4709791,-1.0688044
3115,1.2970316,0.31775433,0.5758903,-0.7956315
3116,-1.3663375,0.3785533,0.15215611,0.62244743
3117,0.59240246,0.18897837,0.91493535,0.5541332
3118,-0.9186829,0.017226918,0.4904982,-0.5367249
3119,0.6521594,-1.2251894,0.44741666,-0.9273385
3120,1.4309626,0.12227492,0.11516142,-0.24017784
3121,0.7329739,0.4964752,0.24473941,-0.024045661
3122,0.7223477,1.4151475,0.14928722,-1.266124
3123,0.6949826,-1.3051379,0.34062016,1.080153
3124,0.82502186,1.32762,0.32553053,-0.4860544
3125,0.4201186,0.70398766,0.31564558,0.14324504
3126,0.4483075,0.23633067,0.31880057,0.28829485
3127,-0.9720605,0.28358358,0.91065097,-0.65639836
3128,-0.79280275,0.49242452,0.47338974,-0.038499583
3129,-2.1110597,0.13931878,0.08996868,-1.2194853
3130,0.0042596716,-0.52457136,0.77959037,-0.17577605
3131,0.9927662,0.37639183,0.28526664,-0.39601806
3132,-0.40075654,0.23558895,0.47461605,0.23280062
3133,-1.0210503,-0.5172561,0.34156942,-1.3155888
3134,1.3621889,-1.1979002,0.25969875,0.26952082
3135,-0.42693168,-0.70222557,0.01744926,2.3351107
3136,0.69935364,1.6018933,0.09665465,2.1587613
3137,-0.9618504,0.07440027,0.8185365,0.06496444
3138,0.4347829,-2.5409007,0.7021171,0.3720816
3139,0.13002272,0.15334123,0.22278333,-0.35483047
3140,-0.354,-0.13364354,0.07382071,0.92504543
3141,0.5946454,0.008181078,0.5543002,-0.27977824
3142,0.010588425,1.3522289,0.94515073,2.4254937
3143,-1.2280852,0.06267535,0.2798381,-1.5531918
3144,0.13564739,-0.036993388,0.95676625,1.1887671
3145,2.3109765,-0.7402552,0.62634933,-1.1662818
3146,-1.0488882,0.074147075,0.055525064,0.5393304
3147,0.88915825,-0.57078654,0.56840074,-0.46472222
3148,-2.1056144,-1.1994551,0.61518764,1.461345
3149,-0.6964322,0.00693768,0.82847786,-0.39744824
3150,-1.193557,-0.7308012,0.31544518,0.759718
3151,-1.7438775,-1.3527582,0.19160235,1.1854248
3152,1.2717471,-0.78858733,0.6540816,-0.5440928
3153,0.84538436,-0.54687333,0.9437785,0.53307813
3154,-0.9101815,-1.3340474,0.07780123,-0.54194164
3155,-0.39683774,-0.74953836,0.49705994,-1.3706256
3156,-0.5381263,-1.0145488,0.36322594,0.31733257
3157,1.5835383,1.5547994,0.7505516,2.2383113
3158,0.3991159,-0.09957165,0.3943026,1.4914589
3159,0.27396697,0.7855816,0.52220964,1.9795531
3160,0.0907912,-0.96297807,0.6223053,0.13618301
3161,-0.9444098,0.07891844,0.37136567,-0.8293423
3162,-0.25845367,0.2338047,0.4764285,0.83291084
3163,-0.31206128,1.0028383,0.4534371,0.3140134
3164,-1.2765679,0.30736685,0.40484297,-1.1903486
3165,-0.6115916,-1.0230917,0.093060136,-1.2524058
3166,1.2352328,-1.3206307,0.54391813,-1.7560229
3167,1.0052037,-1.4081973,0.015714645,-0.37509203
3168,1.1555276,-0.58163756,0.65486,0.116714776
3169,1.8128902,-0.7528024,0.38645327,2.081233
3170,0.30482817,1.4455628,0.027709246,-0.25945237
3171,1.6889528,-1.1631312,0.46623647,-0.98004454
3172,-0.38153666,1.555788,0.010832548,0.2937069
3173,-1.6441467,0.1945649,0.14952862,1.1270717
3174,-0.5291105,-1.9668553,0.45565474,0.56018525
3175,0.6197882,-2.3643458,0.5435244,-0.38449174
3176,0.6447108,0.2592501,0.9406588,0.7485662
3177,0.07227837,0.13259186,0.60760176,1.0747416
3178,1.967419,0.80928683,0.41275465,1.4993695
3179,0.7871358,-0.44378608,0.80184627,-0.36213696
3180,-0.73264027,-0.9032828,0.873554,0.91011935
3181,0.20250882,0.16274752,0.0817579,0.22029969
3182,-1.757225,1.3155515,0.7608814,0.94204575
3183,1.9924815,0.5078268,0.3526684,-1.2994021
3184,0.003079351,-1.3146013,0.22637331,0.19329308
3185,1.2845272,0.345066,0.53345454,-0.80363125
3186,0.01493831,-0.50780696,0.43180442,1.372213
3187,0.73504835,-0.59423053,0.66575205,-2.2145681
3188,2.1995494,0.5533564,0.45708585,-0.9096567
3189,-0.40342444,-0.66977715,0.27546918,-0.36045855
3190,1.11526,0.18309115,0.36305857,-0.7476742
3191,-1.1386395,0.049199216,0.8867605,-0.6741168
3192,-0.48041195,-0.70248216,0.09235406,0.39870563
3193,-0.16678649,0.052930884,0.51097786,0.9085235
3194,1.5116149,0.5955732,0.97358334,-0.70077634
3195,1.0745413,1.3608172,0.8168063,-0.35433695
3196,0.06967873,-0.6808484,0.28060508,0.5882377
3197,-0.08852772,-1.379053,0.018628836,2.6972
3198,-0.10895509,-0.9420301,0.942317,-0.8052737
3199,-0.5928179,-0.7755357,0.24729347,-0.91164154
3200,0.5410253,-2.1415472,0.9741734,-0.7424523
3201,0.44398704,-0.5072346,0.0295434,0.28460467
3202,-0.56884354,-0.4151626,0.7718717,-0.29224294
3203,0.57879347,-0.027411712,0.15634596,0.6862763
3204,-1.7053833,-1.6119151,0.93308663,0.6267445
3205,0.5909045,-0.66349196,0.36850107,-0.628792
3206,0.640256,0.23080912,0.8210529,-2.116798
3207,-0.1847081,-0.8490638,0.805678,-0.2428529
3208,-1.3427343,-1.6957562,0.53754735,-0.15209462
3209,0.107716575,-0.2662623,0.001701951,0.06730747
3210,-0.76521605,2.132595,0.74916494,-1.5844944
3211,-0.340969,1.7157106,0.7401867,0.081736065
3212,-0.051185086,0.6076099,0.096399665,1.1911188
3213,-0.96884567,0.97637117,0.9248693,-1.4505165
3214,-0.10512303,-0.060740292,0.51449764,-0.18545224
3215,-0.67801523,0.9466166,0.010067701,-0.21816066
3216,-1.8421261,0.1922215,0.61630166,-0.33261868
3217,2.2298415,0.73497564,0.73287404,0.17289463
3218,0.13846615,-0.6454615,0.01402092,0.7552958
3219,1.0757041,1.0014459,0.76656234,0.48193052
3220,1.7094223,0.19805805,0.75533545,-0.96323365
3221,0.25906992,-1.2199724,0.1717304,0.6838106
3222,-0.54928523,-0.580954,0.45178866,0.12271176
3223,-1.252619,-0.14997138,0.75286806,-0.70053643
3224,-0.31150913,-1.9400688,0.9861469,0.22791897
3225,0.09129289,-0.5368402,0.47879434,-1.257116
3226,0.5433149,-0.4562711,0.03788209,-1.3077832
3227,-0.5148552,1.1312886,0.9464383,0.45687154
3228,0.66988695,0.92383415,0.49702835,-0.2393189
3229,-0.78236294,0.26011023,0.7555785,-0.17111248
3230,-1.8998685,1.0654969,0.33289433,0.6501529
3231,0.89641774,0.9233324,0.16264808,0.11889926
3232,-0.5019443,-0.990723,0.05022788,1.3429593
3233,0.5478239,2.2202375,0.5988263,0.7090063
3234,-0.32464397,-1.2650625,0.23598409,-1.0568687
3235,0.7874096,-2.2565727,0.20233774,-0.19048087
3236,-0.9803716,-0.12735939,0.46686816,-0.5317248
3237,1.0339408,-0.15632805,0.8854474,-0.27811524
3238,1.4459555,-0.46532017,0.6259824,-0.38712975
3239,-1.441899,-0.8551191,0.51434124,0.12810577
3240,-1.5188531,-0.2738539,0.8210269,-0.4588086
3241,0.95246387,1.4881792,0.7838789,0.077207915
3242,-1.2601675,0.58447856,0.9777857,-0.935442
3243,1.068944,0.16118135,0.5809511,0.27196774
3244,0.6242474,-1.0328448,0.48498225,1.1285217
3245,1.7213244,-0.724228,0.39191473,-0.27422214
3246,-0.85378075,-0.37344375,0.21817338,0.19581176
3247,1.4301469,1.6090511,0.10840595,0.07050099
3248,0.8995657,1.0208167,0.98604596,0.35750315
3249,-0.7117054,-2.0842566,0.82860136,-0.9977311
3250,-0.24573174,-1.0710417,0.96433437,-0.33884725
3251,0.42760098,-2.474949,0.6706083,-0.22816569
3252,1.004427,1.0792971,0.1863432,0.23371348
3253,-1.2859129,0.293185,0.28537416,0.97397673
3254,-0.105772965,-0.5789056,0.41530502,-0.20093206
3255,0.082923986,-0.027802711,0.5540482,0.5999465
3256,-0.060729507,0.72075003,0.84864616,0.58418334
3257,-0.038734026,-1.0545872,0.5302676,0.76830745
3258,0.8025515,-1.1132808,0.3110174,0.5025543
3259,0.29780483,-0.63945603,0.7868496,-0.6207965
3260,0.4270477,-0.46465364,0.3653313,1.3785385
3261,0.5039438,0.65562403,0.20092773,1.0024109
3262,0.0924887,-0.35966536,0.10313189,0.18755066
3263,0.09715439,1.2684711,0.38360822,0.15338357
3264,-0.123351716,-0.24168976,0.21330714,0.8270595
3265,-0.5145199,-0.7481529,0.52366674,-0.53636605
3266,0.8816306,0.059809443,0.39128482,-0.5207232
3267,0.21817334,0.033465046,0.7965863,0.10919812
3268,-1.9878408,0.73892975,0.1013509,-0.81497085
3269,-0.67697215,0.5168488,0.46913886,0.15981895
3270,0.48440513,-0.021593856,0.259933,-0.3496741
3271,0.5048125,-0.54974604,0.88177145,0.122404076
3272,-0.5069165,-0.35393956,0.7965535,0.9310515
3273,0.9864889,-1.6218417,0.7833073,0.30520102
3274,0.46123087,0.35493627,0.80920863,-1.1821272
3275,-0.047277253,0.14775017,0.8062552,-0.76610535
3276,-0.53011644,0.35956922,0.48027372,0.39224225
3277,0.8620947,2.425425,0.36770678,0.57943547
3278,-0.12866631,0.15164106,0.5161505,1.2061504
3279,0.14219452,-0.47033337,0.98103535,-0.35481867
3280,-0.59014726,-0.08592474,0.37002563,0.93870634
3281,1.0971419,0.29466423,0.26941,-0.5551454
3282,-2.1041877,1.1383096,0.3887999,-0.34006464
3283,0.032971438,-0.5148112,0.6236477,-2.478595
3284,0.4393902,0.779891,0.9131932,-0.32845384
3285,0.2820665,-1.3137395,0.23442137,0.87013644
3286,-0.13922511,-1.7323152,0.4638102,-1.737721
3287,0.97384465,0.009875718,0.63652825,-0.2056271
3288,0.46750844,-0.806888,0.95516896,1.0564977
3289,-1.4729084,-0.06772661,0.28238976,0.8164239
3290,0.80289745,0.5701102,0.54073703,-0.10646081
3291,-0.03749634,0.5470827,0.03790915,0.11211412
3292,-1.9846036,1.1290274,0.3170886,-0.5052537
3293,-1.2770865,0.46950564,0.7538545,0.9662339
3294,-0.15905738,-0.12951571,0.70769346,2.513914
3295,0.05753335,-1.8371875,0.06730914,0.4231801
3296,1.0454837,-0.8630828,0.015809417,0.44076225
3297,0.59931445,0.6699868,0.42797863,-0.63564837
3298,-0.4809553,-0.94562954,0.8276572,-1.0702875
3299,1.0365231,0.62490726,0.77426124,-1.7789099
3300,1.4021596,-0.43362918,0.9907092,-0.58107
3301,1.1056134,1.022216,0.52331436,-0.39547062
3302,-1.7567242,-1.0584342,0.9006387,1.0081457
3303,1.0075086,0.036989648,0.8424059,-0.18670605
3304,-1.5154055,1.5285509,0.4811796,-0.75485367
3305,0.3332553,-0.6000801,0.49409914,1.1842654
3306,-0.7613821,0.040750366,0.54948103,-0.869694
3307,0.34447965,-1.1065017,0.87243795,-0.7432332
3308,-1.0780649,0.12645616,0.6256504,0.50249463
3309,-0.51769304,-0.21537557,0.12571979,-0.7169557
3310,-0.057278186,-1.6524546,0.14077127,2.3214617
3311,-0.76608616,1.3367139,0.8874818,-0.51853955
3312,0.5947791,0.848801,0.95887876,-0.75324357
3313,0.5259762,0.2166264,0.8286493,1.25671
3314,-0.7141511,0.41828898,0.34752548,0.76351064
3315,-0.4801524,-0.7974654,0.35142863,0.7251265
3316,1.0233204,-1.1206522,0.24676442,1.0096818
3317,-0.19682786,0.14664158,0.03136015,0.44710383
3318,-0.010831224,-1.464328,0.5381795,-2.6078615
3319,0.544393,-0.49853656,0.3985045,-0.7254135
3320,0.3204621,0.013330533,0.7418783,0.6072477
3321,0.35108343,0.65171736,0.65852916,0.29292488
3322,0.49763012,-1.9866053,0.4744352,-1.7459978
3323,-1.4161776,0.1332804,0.7757108,0.91520405
3324,-0.4535858,-0.024722975,0.3561169,-0.72418946
3325,1.3304799,0.24681829,0.14719999,1.6760361
3326,0.34814772,0.15576681,0.56700516,0.40693274
3327,0.59798574,-0.013622052,0.15414035,0.37190896
3328,0.4069431,-0.6480497,0.06010163,3.5049248
3329,-0.4248047,1.50059,0.0397681,-0.38745087
3330,0.61792165,0.0730975,0.62706673,-0.11843028
3331,-0.23195899,-0.42543757,0.40462768,-0.5667062
3332,0.43484756,1.6808147,0.86514366,0.94015944
3333,-0.96486217,1.0256698,0.55608237,-0.060497507
3334,-0.91827327,-1.0432364,0.80081487,-0.4036627
3335,-0.28961506,0.093217656,0.19157302,0.7848694
3336,-0.04003637,0.42724973,0.70502067,1.7855657
3337,-0.01873124,-1.0529006,0.46102047,-0.6254949
3338,1.1209699,-0.08567551,0.5938945,-1.0010619
3339,-0.11316707,-1.3796643,0.87907803,-0.8007786
3340,-0.20831084,-0.2830223,0.25693238,-0.08351244
3341,0.2196758,1.2186732,0.62166,-0.6720567
3342,1.6853093,-1.3678955,0.35723698,1.3298298
3343,0.39896673,-0.1443774,0.24697495,0.6947981
3344,-0.35257703,-0.6327926,0.3094766,-0.030813055
3345,-0.6606136,-0.41611806,0.73942125,-0.13161598
3346,0.9894145,-1.2137222,0.7354826,-0.537812
3347,-0.3139203,0.57602966,0.24337792,-2.7873025
3348,2.1207497,1.356591,0.2863618,-1.0059361
3349,-1.1606767,1.3525264,0.8099662,-0.6132403
3350,0.5746468,-0.062921606,0.1507684,-1.8268796
3351,-0.30330455,0.03086313,0.43174267,-2.1713698
3352,-0.9470333,0.11411186,0.15013742,-0.21848197
3353,1.7610404,-0.5051033,0.9371413,-1.241524
3354,-1.0208521,-1.022129,0.59693134,0.87911177
3355,1.2217753,-1.2768137,0.9828149,0.23494816
3356,0.49009392,-0.3016558,0.07870197,-0.27360818
3357,0.3594991,1.0575148,0.86249185,-0.050602842
3358,-0.26179716,0.6840882,0.33602178,0.81343764
3359,1.275516,0.056643825,0.92598236,0.7448906
3360,-0.3537856,-0.76192766,0.98831236,-1.653571
3361,2.8026946,0.0052929805,0.55513346,0.11358796
3362,-0.48561764,-0.60105556,0.64306796,-0.9315327
3363,-0.80777353,-1.1875387,0.2642796,-0.6313947
3364,0.6198766,1.5728303,0.1183629,0.4368444
3365,-0.3445518,-0.8687862,0.16199672,0.9081737
3366,-0.50943756,-1.3405852,0.6738297,0.6862616
3367,-0.6144647,-1.3474889,0.88318825,-1.652547
3368,0.44766426,-1.1232425,0.18361616,-0.33551764
3369,-0.09278114,-0.35548705,0.36843944,0.14685845
3370,0.33198413,0.6051557,0.6159321,-0.092417724
3371,1.6327848,0.66273344,0.7714746,-1.2975401
3372,-1.5144445,-0.17628895,0.17263472,0.6518763
3373,-0.72612983,-0.70085114,0.7700844,1.9135933
3374,0.13241641,-1.0397013,0.20152342,1.4287261
3375,0.49789768,-1.5383945,0.7949053,-0.60559875
3376,0.086810276,-0.5818556,0.5410718,-0.18222538
3377,-1.7016615,0.25091717,0.5550132,-2.1353428
3378,0.013997845,-0.06749541,0.029499054,0.8537052
3379,-0.83643055,0.5010753,0.42932963,-0.9383909
3380,0.9969044,-0.025895596,0.9559041,-2.033559
3381,0.96715456,0.6908156,0.6773205,-0.5550987
3382,0.64670795,-0.6017423,0.6205473,0.6581256
3383,1.6534495,-0.2038176,0.6905726,0.9935061
3384,0.21190499,-0.17343923,0.5098318,1.3822224
3385,0.72573566,1.1296204,0.7876967,0.5010977
3386,-0.52871835,0.8660988,0.022373557,0.080844454
3387,-2.3055143,0.23022209,0.95950377,-1.0319546
3388,1.4645642,-0.4311744,0.010214329,0.42082667
3389,0.74712723,0.06462098,0.8734249,1.4413055
3390,0.8931127,-0.082158364,0.8563962,-1.3846503
3391,0.28720698,-0.110730864,0.7998302,-1.0793685
3392,0.6732003,-1.1136956,0.9307723,0.0076975822
3393,-0.7478074,-1.5408441,0.3076316,-0.6266789
3394,-0.64198434,2.5987659,0.20885885,0.8549074
3395,0.483749,2.0034122,0.33801818,-1.6291429
3396,0.06975572,0.52155584,0.6671221,-0.960097
3397,-0.3598997,0.57609916,0.33547223,0.020544043
3398,0.15211925,-1.0319135,0.3705374,-0.09010096
3399,1.6530582,-0.021185882,0.13832784,0.31703627
3400,0.66207844,-0.2758126,0.858222,0.7974767
3401,0.5138864,-0.8021394,0.75791156,0.56238025
3402,-0.33929193,-2.409746,0.28313458,1.5613364
3403,1.4417862,-0.54637265,0.057919383,-0.39568838
3404,-1.0242008,0.9176728,0.4574139,0.62528974
3405,1.1310158,-0.8144579,0.12809455,-1.5906074
3406,0.09967661,0.030557597,0.32647824,-0.87585896
3407,-0.9594674,-0.13003825,0.67118275,0.96865535
3408,-1.5090268,-1.1013457,0.059801698,-0.87633175
3409,-1.3432549,-0.26227063,0.6022376,-0.9357285
3410,0.6450661,-0.20961125,0.6131989,0.27165982
3411,1.8605651,-0.052176975,0.019096613,0.28045154
3412,0.23449448,0.19378172,0.2377404,-0.24341857
3413,-0.26835915,-1.9976071,0.906757,1.2283225
3414,0.6055788,-0.2844421,0.9453474,0.8153256
3415,0.20522286,-0.9681751,0.8120955,-0.13954826
3416,-0.8635695,-0.6658387,0.20789039,1.3534601
3417,1.5812329,-0.11911008,0.27619755,-2.3407516
3418,0.73847675,1.7214469,0.0073432922,0.58101505
3419,-0.4169696,-1.4708015,0.7250109,0.34542596
3420,-1.7336457,-0.11988142,0.23571754,1.2173243
3421,-0.29387116,-0.5676165,0.24713933,-0.9161495
3422,0.31758678,0.043487534,0.33010316,-0.033160537
3423,-0.7130529,0.9801854,0.28618312,-1.3335892
3424,-2.104527,0.23998299,0.76050436,0.02865153
3425,-0.36490914,-1.733925,0.38306928,0.6612342
3426,-0.78346926,-0.16852991,0.99024403,-1.3609276
3427,-0.6872715,-0.36685008,0.23324072,0.5500532
3428,0.72202146,1.0409676,0.32159984,-0.09783127
3429,0.93324924,-0.8659716,0.9193187,-0.11280469
3430,0.37511587,-0.66603416,0.14639902,0.9212731
3431,-0.5314481,0.6514606,0.537128,-1.2916445
3432,-1.1416599,-0.7662741,0.5688207,-1.926588
3433,-0.14267011,1.648627,0.95877135,1.233431
3434,-0.6440784,-0.6138578,0.2535373,0.7764549
3435,0.31952393,0.6903677,0.41497838,-0.5119446
3436,-0.41109598,-1.0691977,0.87901664,-1.0332823
3437,-0.059563525,-0.058739156,0.8495157,0.29952323
3438,1.1329881,-0.34605357,0.3859625,-0.52615035
3439,0.6935776,-0.888467,0.7460679,-1.4188437
3440,0.1310293,-0.8968039,0.09994602,-1.4320644
3441,1.4489694,0.8321358,0.0125736,-0.71567553
3442,1.5328281,-0.41780552,0.54759705,0.023437256
3443,0.66220653,0.94229543,0.27985084,1.5854948
3444,-0.44026032,-1.1638784,0.19050896,0.9342006
3445,-0.5965637,0.7277731,0.32009506,-0.03447756
3446,0.391978,-0.9489797,0.32465875,-0.49554166
3447,-1.8864845,0.5396667,0.04972112,-0.8877271
3448,-0.26090112,0.8280699,0.8480892,0.059502315
3449,0.7583203,-1.6713213,0.29605663,1.5680411
3450,-1.0819805,-0.661568,0.7514976,0.37968573
3451,-0.17723258,-0.6935002,0.45128,-0.24798243
3452,2.0447993,-0.5780137,0.5017748,1.8015856
3453,0.6537566,0.6698802,0.90397894,-0.5629216
3454,1.1530448,1.0301632,0.9195938,0.40331376
3455,0.62650996,-0.42042133,0.88420403,0.03356939
3456,-0.8378113,0.07739913,0.22136545,0.10851939
3457,-1.124029,-1.8097057,0.32102025,1.0475562
3458,-0.96458507,0.04757326,0.5910711,-0.40441197
3459,-1.6276509,-2.2128847,0.8862771,0.548559
3460,-0.54934114,-1.1049014,0.7047399,0.72380334
3461,-1.6081831,-1.132258,0.98491,0.23610973
3462,-0.31020206,-0.014516788,0.8796203,0.7465068
3463,-0.6904725,-1.71946,0.9441869,0.39281255
3464,1.0891929,0.0935994,0.0822556,-0.4751159
3465,-0.1902907,0.03625198,0.7920023,-0.044514805
3466,-0.866363,0.19783956,0.041029453,-0.5543661
3467,-0.10498811,1.0571415,0.88185596,0.19260292
3468,0.15096702,0.3798598,0.972103,-0.59064424
3469,0.2755558,0.38560054,0.7739996,1.2013768
3470,-0.88250905,0.9542432,0.8982439,0.32770574
3471,1.5565923,-0.20052105,0.6717948,0.22076783
3472,-0.91499346,-1.6139838,0.896152,0.87103045
3473,0.8732189,-0.16777375,0.706856,1.4607645
3474,-1.4310436,-0.41913918,0.32373166,1.044335
3475,-0.121236496,-0.7484525,0.019311786,0.959677
3476,-0.6544252,-1.1064603,0.31511497,-0.086185664
3477,-0.6155853,-0.026423778,0.56520736,-1.0799273
3478,0.42137715,0.6020996,0.04551816,-0.70786864
3479,-1.5940757,-0.2713738,0.9791384,0.7984369
3480,-0.030195119,-0.2625527,0.9520923,-1.4085243
3481,-0.5861055,-2.0309014,0.30334008,0.355725
3482,-0.46925962,-0.44093597,0.5371685,-0.85245043
3483,0.8838037,0.2939999,0.49825048,-0.8711642
3484,-0.332092,-0.92154974,0.98393846,0.43036145
3485,-1.1749586,0.5325216,0.47127497,-1.9890622
3486,-0.10704141,-0.6925611,0.6328211,1.8240166
3487,0.8545048,-1.3208559,0.082597494,0.16593195
3488,1.0629538,0.24849935,0.54616845,2.0638955
3489,-0.20003754,0.6205825,0.98754406,0.48802346
3490,1.285356,-1.1344066,0.04402125,0.5639167
3491,1.4826838,0.7119955,0.6548679,0.6595336
3492,-0.64625585,2.5589166,0.17081678,-0.22821538
3493,-0.9984264,-0.21004565,0.64222884,-1.3293681
3494,0.69252896,-0.61849123,0.18710697,0.7926557
3495,-1.1223351,1.6898543,0.6526823,-0.5208885
3496,0.51875675,1.0114708,0.7678585,0.047808696
3497,-1.5916086,0.035921577,0.40204608,0.78963435
3498,-0.7469438,1.1739793,0.8911706,0.95071816
3499,-0.36130214,-0.43100125,0.117054224,0.7822638
3500,0.9199324,0.83194155,0.475029,0.24946378
3501,2.323941,-0.7782022,0.4965272,1.871129
3502,-1.0735666,-0.9522902,0.8060299,-2.8448155
3503,-1.56932,1.1337684,0.30107903,1.399269
3504,0.13476926,-1.0026671,0.5320077,0.08529238
3505,-1.2912035,-1.4874096,0.41155446,-0.8813444
3506,-0.42074913,-0.5685056,0.691717,1.4407393
3507,0.3242813,-1.1087918,0.6291672,-1.0618869
3508,-0.6831971,0.82484424,0.28763247,-0.020035507
3509,0.56847984,-0.2617316,0.90688837,1.0555744
3510,0.51700115,0.5330888,0.5246527,0.9366156
3511,-0.7078214,0.7485216,0.09983754,-0.6711907
3512,-1.0118768,0.4769386,0.86147034,1.0397117
3513,-1.367763,-0.34739333,0.11230838,-0.8068595
3514,0.7364146,0.33173314,0.18806446,0.9000687
3515,0.14114265,-1.1096039,0.026996613,0.8528693
3516,-2.5244865,1.0373917,0.40450382,1.3772051
3517,1.3368548,-0.5248896,0.8056874,-0.45527256
3518,1.8420012,-2.3097932,0.5528586,-0.37273383
3519,-0.958179,0.13237692,0.62569845,-0.28216958
3520,1.8655937,-0.28548864,0.84923494,0.33209625
3521,-0.07748889,-0.8156266,0.34208822,-0.73250234
3522,0.04694984,-0.14733708,0.9480163,-0.30049956
3523,0.15369621,-1.9259865,0.2757467,-0.41629568
3524,-0.5700127,-2.1484864,0.08568883,0.029957904
3525,-1.1949917,1.0738009,0.077233315,-1.3459777
3526,-1.93474,2.6297653,0.68611515,-0.22077502
3527,-1.4021608,-0.23774023,0.9679558,0.42528796
3528,-0.872748,1.0198631,0.51748323,-0.51444554
3529,0.14608766,-1.7337316,0.6986389,-0.104182005
3530,-0.062835984,-0.45757332,0.70884264,-1.834014
3531,-1.2722017,0.48152983,0.5939019,0.25128168
3532,-0.014945333,-0.3261676,0.09892571,-0.35579076
3533,-0.35897177,0.062992424,0.82155454,1.5198419
3534,0.64289653,0.005056317,0.17144752,0.16222492
3535,-0.46995392,0.6354672,0.39751983,-0.85391587
3536,0.7199037,-0.023891728,0.5934713,-1.4491338
3537,-0.6684835,-1.1042581,0.025281787,0.97901356
3538,0.0353152,-1.3030306,0.18646753,-0.2222912
3539,0.4657569,0.4886163,0.68845224,0.44630486
3540,1.2287254,-0.95697623,0.23716211,-0.72270817
3541,0.5948836,0.73300165,0.035666943,-0.0026850651
3542,-0.020585436,0.62547183,0.056755304,-0.21894227
3543,0.28169897,-0.39082065,0.7379906,-0.20250288
3544,-0.8025356,-1.173187,0.311468,1.2733473
3545,0.6685151,-3.6599052,0.16647458,-0.24519251
3546,0.21164158,0.44326994,0.18603432,-0.30390662
3547,0.3235268,0.6701854,0.344738,0.027715873
3548,0.6875846,1.0030522,0.44483495,0.11065013
3549,0.7935945,0.057335205,0.34338653,-1.6738241
3550,-0.31444237,-1.0557913,0.5572978,-0.78035057
3551,1.1625321,-1.7235315,0.74559677,2.3838835
3552,-0.03823404,0.8400901,0.6999308,0.14068934
3553,0.4915342,0.07070829,0.7187815,0.3797657
3554,1.1566287,1.8005008,0.45432496,-2.0918906
3555,0.072990835,1.905593,0.44066167,-0.4864267
3556,-1.8155496,0.67901677,0.466547,1.231806
3557,-0.8366629,0.8838267,0.6718098,-0.7964359
3558,0.31592506,-0.41163805,0.023508072,-2.6044986
3559,-0.52779484,0.47316635,0.7244524,1.3525131
3560,0.3967487,0.11934586,0.75621057,-0.07081598
3561,-0.020504143,-0.08862612,0.6931324,-0.25736845
3562,0.23702148,-0.7340455,0.53279686,-2.2771802
3563,-0.8110569,-0.7388424,0.69991267,1.1953198
3564,0.5530075,-0.6224128,0.6883122,0.41518784
3565,-0.84594125,0.48740047,0.2729913,-1.3491961
3566,0.22545059,-2.2861297,0.72971284,-0.098350406
3567,0.5652277,0.2504682,0.3693074,1.5520391
3568,-1.1245176,0.4123968,0.16927814,-0.8668019
3569,-0.14454104,-0.28121912,0.8525845,1.806819
3570,0.5794581,1.0075836,0.7161002,-0.39980993
3571,-0.5683982,0.98314416,0.3158368,0.93554765
3572,1.2737856,0.10153955,0.3890159,-1.6545556
3573,-1.3703074,0.59565806,0.24184549,1.0668077
3574,0.2279064,-0.38366184,0.2996335,0.5918241
3575,-1.0389342,-0.0791503,0.6018411,-0.077407666
3576,1.4492861,-0.71187633,0.9112034,-0.8529615
3577,-0.8246689,-0.7204063,0.7792504,1.8229926
3578,-0.052367277,-0.6751621,0.20109868,0.38308758
3579,1.0402275,-0.5070898,0.19504833,2.8219454
3580,0.7675875,-0.32397565,0.8898001,0.21729578
3581,0.48196712,-0.58382136,0.9735832,-1.812772
3582,0.7659096,-0.23733297,0.017966032,1.3479367
3583,1.194121,-0.031918608,0.13457203,0.49225318
3584,0.8739532,0.13853674,0.7676829,0.21780737
3585,0.66373056,-0.20843025,0.6212764,0.64964616
3586,0.35964638,0.4539828,0.43602777,-1.0417734
3587,1.546727,0.54343545,0.78433955,-0.1523818
3588,-1.4534594,0.30646852,0.1408788,-0.4711773
3589,0.11811568,0.13682815,0.6766145,-0.7079285
3590,1.1824191,-1.3003905,0.29063892,1.6623069
3591,-0.11963674,0.20748717,0.50881016,-1.7808938
3592,-1.3302732,-0.68409014,0.08074808,0.57888395
3593,0.30542958,1.6323252,0.3655647,0.3489047
3594,0.08374948,0.92168623,0.49567163,0.1501193
3595,-1.0980601,-0.5686437,0.7961521,0.7143391
3596,2.4182158,-0.031277936,0.2963717,0.07173283
3597,1.522125,-0.5443665,0.91180706,0.1587068
3598,-1.411681,-0.051700927,0.7672924,-1.8278269
3599,0.9956018,-0.41228667,0.02872014,1.2789735
3600,-1.2695202,0.3112427,0.9390178,-1.0377451
3601,-0.27262342,0.9060442,0.567929,0.345131
3602,1.0197809,-0.6445671,0.32507122,0.24618526
3603,0.8310692,-0.5524744,0.9652163,-1.2369183
3604,-1.2414756,-1.1608216,0.9351578,-0.3055615
3605,0.90570855,-0.7936295,0.685472,-0.24494217
3606,-0.36737174,-2.4217713,0.497576,-0.13562614
3607,-2.9938033,-0.32860556,0.29379523,1.8714802
3608,-0.1595328,1.5593953,0.86836994,-1.006466
3609,-0.20546809,-0.19653632,0.8575587,-0.38722348
3610,-0.39755687,1.6208379,0.32931328,0.9737113
3611,-0.9923925,1.5604635,0.7828591,-0.7273065
3612,-0.6601591,1.6857086,0.10208213,-1.1357017
3613,0.46545815,-2.6700218,0.918578,-1.1908008
3614,-1.8795965,0.744982,0.19675446,0.11623704
3615,-0.7236622,-0.2510012,0.22691786,0.15113205
3616,0.9614093,2.3975167,0.7897457,1.4610746
3617,0.17661475,-0.11527425,0.12329936,0.8009872
3618,-0.028931784,-0.6600279,0.093670964,-2.464098
3619,0.22995484,-1.0545392,0.1726433,-1.617406
3620,0.38269082,-0.6923161,0.37946677,0.9644563
3621,-0.6732073,1.2131048,0.1513561,-1.4094613
3622,-0.60950303,1.8116801,0.086680174,0.27450064
3623,-1.6138254,-0.94658136,0.42928672,-0.36780304
3624,-2.6034791,-0.4287805,0.14788806,-0.3982652
3625,-1.091831,0.44823813,0.76325476,-1.441664
3626,-0.47797695,1.5181872,0.7243533,-2.1243467
3627,2.4371073,-0.38990164,0.7691473,-0.6258041
3628,-0.0045072413,-1.4774714,0.12043345,-2.2640574
3629,0.26023695,0.95954305,0.45853615,0.36481476
3630,0.3922523,-0.07283848,0.99643826,-0.22281899
3631,0.4196963,-0.35234046,0.6959053,-0.072811216
3632,0.33468872,0.4184103,0.0929302,-0.29584202
3633,0.29225123,-0.11049907,0.11643541,-0.5922705
3634,-0.12019263,-0.29021713,0.81515443,-0.37269923
3635,-1.5400835,0.2717891,0.6539985,1.4562625
3636,-0.0028407476,0.9463524,0.6201081,0.5949981
3637,-0.4938065,0.38773128,0.6662917,1.4260818
3638,-0.1683432,-0.056802604,0.19861042,0.8626422
3639,2.1211717,-0.12426257,0.9475398,0.3061948
3640,0.09252381,-0.24163899,0.38467705,0.5194987
3641,0.6503309,-1.4228449,0.5197072,-0.87419426
3642,0.6636024,1.4012234,0.007791519,0.73808074
3643,1.0088508,-0.161071,0.9474155,0.24432564
3644,0.545158,-0.5955027,0.7066678,-0.7863567
3645,0.60891646,-0.38925818,0.40769196,-1.9541533
3646,-0.9253229,0.14776318,0.79062057,-0.79703796
3647,0.7280294,-0.25788492,0.07613599,0.79073554
3648,0.02532572,0.3648815,0.03391695,1.6004936
3649,0.39514023,-0.3704116,0.25390887,-1.1352491
3650,0.54633814,2.0541787,0.40661395,-0.12592438
3651,-1.5486764,-1.2468652,0.3524598,-0.30661523
3652,0.39522326,0.8359319,0.3665775,-0.49762353
3653,0.6608836,-0.8868015,0.12383163,-0.38305655
3654,0.40725833,0.83939284,0.7804549,0.9067046
3655,0.50842863,0.7351784,0.50843406,-0.20596436
3656,-0.59831613,-1.318374,0.4546603,1.6122577
3657,-0.11762747,0.8960927,0.45105803,0.48266396
3658,1.2623317,0.6956325,0.73750186,0.42689484
3659,-1.0430273,0.37390274,0.55595624,0.61001706
3660,1.0260911,0.3739418,0.7699188,0.5711831
3661,0.49925178,-0.08414515,0.011075497,-0.7946936
3662,-0.53329563,0.36146048,0.7441635,1.5477933
3663,-0.08434877,-0.2818111,0.7349014,2.4905214
3664,0.16796726,0.5447382,0.9282162,0.7738082
3665,-0.77455723,1.6468664,0.30683947,0.50708896
3666,-1.4468515,0.12736797,0.36772275,-1.4103388
3667,-1.1384394,0.089808285,0.42085898,-0.89584565
3668,-1.2419704,-0.014217944,0.5203543,0.25061837
3669,-0.44158778,0.7366078,0.57141554,-0.34766534
3670,-1.6119887,-0.8270753,0.835472,0.677167
3671,0.95527637,-0.5659183,0.88403,-0.4446851
3672,-0.2872501,-1.5793773,0.8751887,2.0256433
3673,1.1019105,-1.7937375,0.44257188,-0.4568329
3674,-1.0112134,-0.57020634,0.72326994,0.3226903
3675,0.79520893,-2.242138,0.08621335,-0.23043244
3676,0.94489497,-3.9181476,0.16767752,0.7895829
3677,0.43000612,0.3061131,0.34525037,0.040691752
3678,-1.5579368,0.16557084,0.4200003,0.31202912
3679,0.76775277,-1.549337,0.97555375,0.78750366
3680,-1.3308647,-0.63826317,0.9271436,-2.0443196
3681,0.6532028,-0.7787827,0.94875324,0.3862305
3682,-1.154868,0.34097993,0.1515286,1.8130805
3683,0.53419095,-0.48830536,0.32082677,1.5259782
3684,0.27650407,-1.3236763,0.5711504,1.4376526
3685,-0.25779843,-0.0542061,0.16207433,0.78675216
3686,-0.9361911,1.0570731,0.8597337,0.6479526
3687,0.5948743,-2.3184187,0.35117483,-1.1220412
3688,-0.21565084,0.06911082,0.38496113,-1.4442818
3689,1.5485598,0.77227896,0.5062895,1.9296992
3690,-0.5609131,0.012593297,0.013938785,-1.7343794
3691,0.7231613,-0.53123474,0.9311497,-0.008350062
3692,-0.4569629,1.8168035,0.65788376,-0.48711562
3693,0.23572783,0.53965014,0.8535099,0.99972457
3694,-0.5339437,0.24636424,0.23560333,-0.8799414
3695,0.17219886,0.60683846,0.4488585,-0.031414557
3696,0.6383656,0.12607062,0.7365711,0.8972129
3697,-0.24688128,0.3559147,0.42607474,1.6093292
3698,-0.012756912,0.7428655,0.52332926,-0.17166102
3699,0.19607128,-0.8957408,0.9554781,0.5974399
3700,0.36668888,0.7424726,0.4080106,-0.51340485
3701,-0.5489364,-0.18715093,0.47544265,-0.38142258
3702,-0.6896957,-1.6969466,0.531816,0.5986902
3703,0.1956549,0.23818795,0.6178225,1.3522946
3704,0.49732918,0.10371649,0.6218221,1.2130139
3705,-0.68839085,-0.06716087,0.7553369,-0.16172642
3706,0.10842952,1.0913329,0.23027337,0.9571016
3707,0.9001237,0.6626218,0.914135,-1.4104527
3708,-0.030259395,1.5053707,0.85187256,-0.4399275
3709,0.041731905,-0.3685142,0.8973001,-1.623841
3710,-1.5450782,1.1336497,0.7298856,-0.5066189
3711,-1.2175817,-0.34435615,0.46724403,-0.10709882
3712,0.3617297,-0.8159471,0.98215806,-0.07560474
3713,-0.7108746,0.32407218,0.68310916,1.0320603
3714,-1.2250775,0.22667281,0.35714662,-2.0684612
3715,0.8338775,0.29263607,0.51248634,0.7906975
3716,-0.95602006,-0.5315211,0.62523246,-0.8132477
3717,1.3555136,-0.6884412,0.92440295,-0.48849222
3718,-1.4679221,-0.76674753,0.41075528,-1.2602229
3719,-0.04693743,1.1763796,0.16469169,-2.0442302
3720,-2.306069,0.42624423,0.057905912,0.23091346
3721,-2.2512753,1.5438011,0.24651349,-0.8141436
3722,0.51056147,0.4488699,0.33458173,2.3704255
3723,-0.9521797,0.46348938,0.25450265,-1.7596551
3724,0.8470759,1.0030255,0.14563072,0.84057236
3725,-0.8159471,-2.548783,0.28987288,0.8237425
3726,-0.114563175,-0.50402814,0.2577319,-0.21031204
3727,0.82165724,-2.0744417,0.74249494,-1.9913551
3728,0.64354175,0.26343846,0.1910218,1.5080363
3729,-0.20232841,0.680119,0.33017886,-0.6428107
3730,-0.51879656,-1.203704,0.2661991,0.5048729
3731,-1.299617,-0.0842819,0.65985596,-1.8730274
3732,0.7444797,0.79375166,0.27999783,1.0770352
3733,-0.6887041,-1.1177748,0.50157666,2.1832275
3734,-1.3745377,-0.7830372,0.95695305,0.6365562
3735,1.4346993,0.88490385,0.756919,1.7091056
3736,-0.37569317,0.28537086,0.6114594,-0.6029539
3737,0.29062214,-1.4612261,0.061761856,-0.37307113
3738,0.9254277,1.0619287,0.77604437,0.043896705
3739,-0.3445502,1.242707,0.30019784,0.030003646
3740,-1.030923,-0.62713206,0.026632428,-0.7977895
3741,0.43407553,-0.0038008403,0.056597114,0.73100007
3742,0.45752135,-0.5898763,0.46193993,0.102784015
3743,-0.94225323,1.5439755,0.06078708,0.45515043
3744,0.80325925,-1.6679432,0.45452273,-1.2985137
3745,-1.0408368,0.77856237,0.8480083,1.7132902
3746,1.2672834,0.044551447,0.80520165,0.86118174
3747,-0.4371526,0.24632756,0.29834497,-0.42170483
3748,-0.27556643,1.1087655,0.7051408,-1.1322557
3749,0.37993142,0.12547366,0.41698194,-0.25077268
3750,-1.7597775,-0.36593357,0.71901727,-0.32239988
3751,-0.11811703,-0.9897331,0.88428986,1.2953387
3752,0.6938645,1.6373233,0.45294642,0.17150956
3753,-0.13627304,1.0795604,0.97353804,1.2231302
3754,0.8880881,-0.42321095,0.6395985,0.08156787
3755,-0.51767695,0.29992735,0.96946347,0.9798805
3756,-0.97893125,1.5171437,0.33248854,0.31088582
3757,0.18083027,-1.086181,0.1150862,0.7528962
3758,-0.63493943,-1.5986232,0.029572248,1.0743871
3759,-0.29797927,1.0488169,0.44585133,0.37199706
3760,-0.9985306,-0.91653275,0.37684083,0.107567206
3761,-0.991241,0.5331484,0.34834135,-0.7591588
3762,-1.3400943,0.9214015,0.40426135,1.0037898
3763,0.46746176,-1.553714,0.59892774,2.3163664
3764,-1.1945927,0.51186806,0.3704313,0.7054179
3765,-0.39963162,1.5463011,0.32268703,-0.3588975
3766,1.7813807,0.4842371,0.70901597,-2.1390407
3767,-1.396262,0.11242444,0.20726395,-0.29245782
3768,-0.4109734,0.15393749,0.13441741,3.3852408
3769,-0.25376862,1.3296694,0.33523214,-0.5411054
3770,-0.06740676,-0.39288116,0.13250351,0.9345271
3771,0.56546617,0.28785694,0.6336392,-0.6582323
3772,1.0844043,-0.6381951,0.76648426,0.01776367
3773,1.0292066,-0.28046754,0.113486886,1.1736709
3774,0.8771689,-0.24407303,0.35933483,-1.170284
3775,0.64423996,-0.86958575,0.95432436,-0.5777771
3776,-0.71400654,-0.07107181,0.64409983,-0.37983072
3777,-0.2668738,-0.06731151,0.16856503,-1.5016452
3778,0.16538486,1.0774564,0.37909687,-0.9266493
3779,-0.018683122,-1.8145132,0.9073516,0.16048846
3780,-1.8447672,0.08937897,0.15519738,0.25828543
3781,0.9322197,-0.2611571,0.1062721,0.3678099
3782,-0.5496136,-1.072302,0.82856464,-1.6532815
3783,-0.23746422,0.8902978,0.8950536,-0.51119184
3784,0.020890739,0.41669536,0.7312815,-2.0505319
3785,-0.062678196,-0.32380277,0.35733938,1.3332843
3786,-0.6107942,0.8650467,0.032024264,-2.1214256
3787,0.43663797,-0.16335784,0.48850226,0.1665282
3788,0.9863698,0.7596079,0.22821915,-0.29790273
3789,-0.82623464,0.050142538,0.35620737,-0.48636144
3790,-2.6010334,-0.58436674,0.5327133,0.6922005
3791,0.67143565,0.10492006,0.70944965,1.013861
3792,1.5177485,-0.30356428,0.9485991,0.80665696
3793,1.093243,-1.3338715,0.097723484,-1.0168151
3794,-0.26356328,1.1517143,0.93570864,-1.7747912
3795,0.7356111,1.3994926,0.17047286,0.6867389
3796,0.45869958,-0.952346,0.793378,1.4876251
3797,-0.47389662,-1.7426268,0.08841801,-0.36263478
3798,1.0569577,-0.67070264,0.43360674,-0.44416103
3799,1.9305999,-0.9541926,0.8090495,-0.08107155
3800,2.0291576,-0.2951244,0.89300764,0.35166094
3801,0.70461833,0.56734085,0.37285805,0.992932
3802,-0.457928,0.2698992,0.10086703,1.0798392
3803,0.5541544,0.10173539,0.426144,-1.0347078
3804,-0.03223671,0.06694389,0.536489,1.9773406
3805,-0.17942004,0.21762778,0.22083807,-1.0934962
3806,-0.35049188,0.04022253,0.8511528,-1.275805
3807,-1.4755303,0.05653488,0.8052263,-0.07507433
3808,0.5323632,0.85587114,0.19900024,-0.057470344
3809,1.4690572,-0.33363453,0.7085743,0.4189312
3810,1.0616968,0.8585195,0.74749064,-0.24230604
3811,1.906753,0.6707964,0.45013213,-0.53927493
3812,-0.7274618,-0.38294306,0.2487638,0.93509746
3813,-0.96213096,1.3007361,0.27315855,0.58470935
3814,-0.007461364,0.2272793,0.21855521,-0.041987166
3815,0.19807786,-0.60337013,0.030264974,-0.4337812
3816,-0.050629474,0.27824306,0.5328351,-0.10385033
3817,-0.4195072,-0.98984087,0.838186,1.5161413
3818,-1.3734072,-0.033205386,0.35285604,-1.4288392
3819,-0.73785853,-0.156999,0.32854855,-0.42394087
3820,-0.7226298,1.6797616,0.7389834,-0.74500906
3821,-0.53683364,0.8138516,0.185547,-0.4383608
3822,-0.4281182,0.71900725,0.683025,1.5100002
3823,-0.78449893,-0.50367904,0.02277708,-2.1468518
3824,1.1884867,-0.10767315,0.15314794,-1.9623334
3825,0.75676316,-1.5108365,0.10438454,-0.7533504
3826,0.92673266,0.03986905,0.86479926,0.6184943
3827,0.97538173,0.21600944,0.8499025,-0.24370456
3828,-0.15775232,0.4165344,0.15725493,1.3719481
3829,-2.0333347,1.8812166,0.14511311,-0.024213944
3830,-1.5453728,1.7331564,0.48728132,0.95106983
3831,-0.75523794,-0.44484216,0.108085275,-0.34106812
3832,0.7305731,0.5294444,0.92181623,0.2433858
3833,2.4954262,1.5316905,0.78116477,0.11048447
3834,-1.1187521,-2.0654705,0.5943371,-0.11725739
3835,-1.3761379,0.882762,0.8387358,0.979672
3836,0.8866227,-0.32490858,0.81690323,-1.027014
3837,0.8649459,0.3277934,0.3757912,1.3155316
3838,0.7502704,-1.3260236,0.5066309,0.8690906
3839,-2.5041509,-0.3454661,0.12906861,-1.321405
3840,-0.9262807,-0.11632984,0.8977877,-1.3132163
3841,0.0442975,-0.18923377,0.18060541,-0.012752429
3842,0.24544857,0.1679606,0.3874792,-0.07994976
3843,-0.94759214,0.87158114,0.82250524,-0.7308751
3844,0.1355171,-0.82779104,0.64248896,-0.06304646
3845,0.87995565,0.4009753,0.37341166,1.5215418
3846,1.8971738,0.42694172,0.882149,-0.47073957
3847,0.9341013,-0.66271055,0.4497435,1.6696155
3848,-0.714435,-0.8989006,0.65165544,1.951044
3849,0.026277458,0.3565174,0.019896626,-1.2644261
3850,1.4323957,-2.0148296,0.9486358,1.191095
3851,1.4161894,0.0043083793,0.8620459,1.330188
3852,0.89542097,0.3203473,0.8096111,1.7971529
3853,1.5971456,-0.096613854,0.47537017,0.15438351
3854,1.5705595,-0.3374355,0.42104506,1.2948666
3855,-0.184692,0.20064652,0.6183022,0.64120626
3856,2.0997694,0.2718443,0.8159441,-0.006650065
3857,0.49582735,0.008169125,0.36845136,2.4283793
3858,0.18354575,0.8450213,0.45918453,-0.87186366
3859,1.1585944,-0.044023372,0.15045285,-0.07167066
3860,0.8100864,-0.10515097,0.76171815,0.11918908
3861,-1.439648,-0.3380774,0.32810414,-0.66075635
3862,0.4676161,-0.0496239,0.813717,-0.19938703
3863,0.2533991,1.1865677,0.31503606,1.5506685
3864,-0.3379293,0.72442013,0.065232515,-0.901483
3865,0.24708596,1.1599307,0.5326997,-0.48303246
3866,-1.5597669,-1.5694306,0.8090223,-0.6715444
3867,1.0468069,0.7403105,0.49185407,-1.179108
3868,-0.7317492,1.0625548,0.48752964,-0.31261504
3869,-1.1249006,0.59971535,0.39920425,-0.091072194
3870,-0.016752485,1.551533,0.8665254,-0.15533112
3871,-0.10777503,-0.39064717,0.32881677,-1.6474516
3872,1.2695153,-0.05932855,0.9108114,-0.7894982
3873,-1.1958476,1.4559036,0.9836781,-0.3086617
3874,1.1140138,-1.2333488,0.25675666,-0.30017415
3875,-0.82734454,-1.5227444,0.9611342,-0.86785567
3876,-0.024383422,0.56829864,0.8033767,-0.022607977
3877,0.45706388,0.28252268,0.3489139,1.7321028
3878,-0.43033442,-0.8294275,0.5859115,1.4032929
3879,-1.0777359,0.49628592,0.20959163,-2.1780052
3880,0.45470965,-1.0981568,0.77182925,0.13632084
3881,0.34193745,-0.29929057,0.16055548,0.7502127
3882,0.44067863,1.1525158,0.7339705,-0.35608965
3883,0.6960783,-0.29207173,0.41745317,1.3332466
3884,0.25720304,1.3104522,0.5247333,0.3847609
3885,-0.7541685,-0.04112405,0.50512505,0.51323146
3886,0.048328932,0.019865297,0.44571447,1.9862734
3887,0.95509064,-0.91376483,0.7655457,-1.7229116
3888,-0.74035347,-1.2885203,0.34912765,-0.3666123
3889,0.9606725,0.8538279,0.039302707,-0.89624566
3890,-0.59264016,-0.8121701,0.3675195,0.67844385
3891,-2.214492,0.20228039,0.69428396,1.298587
3892,0.5883851,0.34394827,0.6038872,-0.0090224175
3893,0.60173714,0.9093348,0.79262686,-1.1251775
3894,-0.68889683,0.27819306,0.59061575,-1.0468403
3895,0.019413702,-0.37416855,0.77024007,0.53401077
3896,0.4078977,-0.6348616,0.16801488,0.9358698
3897,0.5762981,-1.2357248,0.33109868,-2.082738
3898,-0.59344673,0.07057708,0.057578683,-0.57577163
3899,-0.40990582,-2.302749,0.31403315,2.4597943
3900,-1.4787142,-1.9094548,0.09896624,-0.9663028
3901,1.9372637,-0.7596241,0.29312146,1.1275455
3902,-1.2839992,-0.29790056,0.3042816,0.40683603
3903,0.274738,-0.9447459,0.84190416,1.3206697
3904,1.0046467,-0.47595567,0.9510814,-1.8179151
3905,-0.9308614,-1.16683,0.51400757,-1.0984441
3906,-1.6873224,-0.52402794,0.11703515,-0.5185163
3907,-1.2143403,0.20032275,0.4686252,-1.2048461
3908,-1.4642662,-0.51776373,0.5367615,-0.00077982823
3909,1.371279,0.36629388,0.55313456,-0.58173555
3910,0.029267043,1.578726,0.4109589,0.7688149
3911,0.3797265,0.82084954,0.3648982,0.12932904
3912,-1.0477076,1.0414114,0.2789377,-0.7393395
3913,1.1261327,0.09239867,0.7212994,0.23433599
3914,0.9687347,-1.239596,0.37542546,0.8699942
3915,2.1589732,-0.1531231,0.77002704,1.2554823
3916,0.8659006,0.5277349,0.75568724,0.5588685
3917,1.2717665,0.59174615,0.24147522,0.8505112
3918,0.14751635,-0.9838216,0.07788658,0.15841177
3919,-1.1813366,-1.1390023,0.788401,1.7861677
3920,-0.6647892,1.323623,0.46134007,-1.4284544
3921,0.42597494,0.20214558,0.8006201,-0.81610465
3922,-0.19417194,0.42962104,0.69050276,-0.02413085
3923,1.7739627,-0.49241287,0.909693,0.8007928
3924,1.7260474,-0.4785143,0.42060316,1.2485765
3925,0.9393703,0.20733514,0.33245122,-2.13887
3926,-0.66720027,-0.5853205,0.3350712,-0.3924135
3927,0.957948,-0.16813166,0.53454256,0.3487532
3928,-1.6814709,-0.47262022,0.12269807,-0.53279036
3929,0.7905648,-0.9937447,0.9303496,0.43477398
3930,0.0018640734,-0.08123314,0.44120216,0.5727199
3931,-1.8998413,-1.1474597,0.878319,1.7546387
3932,0.20933317,-1.3476704,0.35923648,-2.160381
3933,-0.23690884,-1.4623917,0.22278953,0.4344436
3934,0.2724794,0.99349475,0.42442465,-0.55815315
3935,-0.33052722,-0.2915984,0.94947696,0.29164347
3936,-1.9130001,1.4993135,0.25076675,0.21889682
3937,0.055094756,-0.04233769,0.61958694,-1.5931928
3938,-0.11708409,-1.0567794,0.15966034,-0.2943982
3939,-0.17659335,-0.7807927,0.2606082,-1.7198836
3940,0.7395506,2.2697678,0.72603416,-0.7323363
3941,-0.67959774,1.787405,0.11426246,-0.2226851
3942,0.14679262,0.0030282536,0.8322133,0.55461127
3943,1.1364449,-0.4210299,0.70238173,0.28985423
3944,0.5601493,1.0617366,0.3598789,1.178418
3945,0.43363494,-1.1981262,0.7929965,2.1403365
3946,0.463695,-0.046122875,0.11947644,-1.212675
3947,0.82390237,0.6999899,0.5090045,-0.75186414
3948,1.4010656,0.657979,0.98420537,0.95245874
3949,-0.4113945,-0.63076204,0.45188546,-0.8661565
3950,0.48551223,-0.53311485,0.9298272,-1.3856759
3951,-0.11916996,0.5179587,0.84665394,1.4472982
3952,-1.1104919,1.3573287,0.54061174,-0.44410893
3953,1.7951285,1.1377027,0.8373972,-0.92939925
3954,-0.52528507,-0.3410735,0.8794396,0.37137848
3955,-0.55401844,0.06655757,0.7900851,-0.4156163
3956,0.795573,-0.36341482,0.04159522,-2.1086934
3957,0.39142144,-0.45930627,0.29854953,0.95740014
3958,-0.44530994,-0.96232176,0.54162157,0.5588291
3959,0.16343823,-1.299514,0.49954998,-2.6262197
3960,0.35076818,0.17831829,0.6261356,-0.071316265
3961,-0.70666176,0.77768195,0.7502762,1.5365856
3962,-0.040005263,0.77074057,0.69204855,1.2108061
3963,-1.420193,-0.9517424,0.86600375,-0.38848466
3964,0.70839053,0.06876247,0.6074356,-0.32697353
3965,1.0777324,-1.2470641,0.55387807,1.1365556
3966,-1.5038948,0.9193796,0.07956946,-0.47425234
3967,-1.2367096,-1.3176312,0.146299,0.13237241
3968,-0.22061458,0.20980294,0.6131971,0.8584642
3969,0.37666738,-2.8244936,0.7040781,-0.3693215
3970,-2.1963165,-1.241838,0.24777007,2.4587429
3971,-0.7732526,-0.47589916,0.20625532,-0.40827554
3972,-0.7588958,-0.32869104,0.8167982,-1.2369074
3973,0.011716217,0.70718837,0.1251756,0.61116743
3974,-1.4828186,-0.58086133,0.84013605,-0.83667225
3975,-0.08043869,0.40208948,0.87342024,-0.6068347
3976,-1.019663,-1.2743243,0.41266263,1.2925875
3977,0.9699718,1.1300255,0.35509217,-0.77762383
3978,-0.13378586,-0.67581147,0.80246174,0.5443722
3979,-0.2512615,1.662646,0.23753464,1.1712931
3980,-0.524797,-0.7392629,0.9440665,0.57436585
3981,0.48092365,0.74667656,0.23549163,0.9091214
3982,-0.8206427,-0.46731165,0.8264297,0.6568118
3983,-0.37717956,0.2734086,0.8645607,0.38709638
3984,1.4316891,-0.40650964,0.7960844,0.91715133
3985,-0.7290173,-0.105096884,0.59578407,-1.5967815
3986,0.7434322,-0.4592133,0.02204132,1.1130667
3987,-2.066223,-0.2785433,0.8065218,-0.10799204
3988,-0.2521655,0.49623555,0.1698196,-0.98191124
3989,0.2939868,-0.6599503,0.83385634,-1.5128971
3990,0.70827574,1.6418462,0.6210152,-0.6437699
3991,-0.61699843,-0.59551233,0.7170224,0.93605417
3992,-0.42927387,-1.5721856,0.4973477,-0.16060908
3993,0.067251466,0.1426479,0.65439487,-0.064999625
3994,-0.8152308,2.7581844,0.516438,-2.291891
3995,-0.5694633,-0.8568355,0.95114875,2.1600716
3996,-1.032287,1.5643748,0.10147333,0.73903847
3997,-0.18894204,1.929578,0.46614218,1.0941205
3998,-1.7833724,-0.0958027,0.53263605,-1.9161363
3999,-0.47719732,0.53954226,0.20415294,-0.2820443
