,u_x1,u_x2,u_x3,u_y
2000,-0.627124,0.34282815,-0.039653357,0.6344104
2001,-0.4591346,1.2934229,0.051996082,0.35350204
2002,-1.1097537,-2.0091417,-0.08030879,0.65127146
2003,0.51537335,-1.6013733,0.12068929,0.6849067
2004,-1.0540131,1.7647691,-0.073985405,0.7212422
2005,0.3867853,-1.1617187,-0.019147355,0.34789348
2006,0.6989862,2.0824618,-0.070800565,0.47746587
2007,-0.21464103,0.55944014,0.058699965,0.22513735
2008,1.8093303,0.750739,-0.09541204,0.25721073
2009,0.84512985,1.0539156,-0.058835577,0.2559029
2010,0.3440421,0.2060567,0.05188706,0.75426996
2011,1.9298204,0.8493367,0.18556383,0.22107613
2012,-1.1485634,-0.95696676,-0.02366673,0.4165058
2013,-1.2552617,-0.119516954,0.14083646,0.9092916
2014,0.7578515,-0.6026898,-0.05904397,0.19874406
2015,-1.184241,-0.27712086,0.06868797,0.71229446
2016,-0.9192445,-1.5541327,0.13371843,0.59970737
2017,-0.16926403,1.2959335,-0.018876014,0.85963655
2018,0.09992015,-0.29965496,-0.09526532,0.5485562
2019,1.146909,-0.16854355,-0.1788801,0.35901082
2020,-0.5061338,2.4257083,0.052855767,0.71422446
2021,-1.3230078,-0.62915397,-0.042125586,0.18300629
2022,0.7003713,0.5331797,0.028790146,0.6087017
2023,0.44661945,-1.8433598,0.14091092,0.15103757
2024,0.33087865,0.7425175,0.03773427,0.111709
2025,-0.5571963,0.32098526,0.16696396,0.8178828
2026,-1.8452834,-1.3255343,-0.08527839,0.7437899
2027,0.7665016,0.81896865,-0.115567826,0.2866938
2028,0.14718287,-0.0811441,0.0008179286,0.8194108
2029,-0.36138695,-0.28806514,0.15351132,0.8758879
2030,1.1339691,-1.2206192,-0.024722168,0.691254
2031,0.5362555,-0.4790609,-0.035579294,0.34229946
2032,1.5557507,0.540318,0.123383775,0.45809126
2033,-1.6281289,0.64760095,-0.12348783,0.70043325
2034,1.2605817,-0.9331691,-0.14135037,0.55718863
2035,0.68157774,1.0777025,-0.039367437,0.89585626
2036,-0.21439886,-1.5706462,-0.013700415,0.9928769
2037,1.5578097,0.31905037,0.10223851,0.75861573
2038,0.9930793,0.5668797,0.011429684,0.052104354
2039,0.37760806,0.26647514,0.024768092,0.45009494
2040,0.62291723,0.14968143,-0.012009452,0.7282697
2041,0.30484727,1.0412836,0.11439394,0.01632905
2042,0.7943488,-0.49613875,-0.050639268,0.28329277
2043,-0.8023992,-1.3449546,0.10576929,0.7976469
2044,-1.5234039,0.76051456,0.080730714,0.56389904
2045,0.7182897,1.6063614,0.2183821,0.19311094
2046,0.6942037,-0.30789396,-0.1393883,0.38481665
2047,-0.26115528,-0.5103132,-0.10688845,0.23502183
2048,1.0750712,0.26261163,0.09530054,0.013429046
2049,-1.7629306,-0.15404347,-0.19666964,0.53136516
2050,-0.6487503,-0.2116619,-0.03698961,0.8700224
2051,1.5044769,-0.1272425,-0.039645214,0.7002678
2052,1.8127991,-0.06628579,0.016596437,0.26540935
2053,-0.5136254,-0.13449049,0.251996,0.39545166
2054,-0.4784299,1.30246,-0.01762067,0.0358299
2055,0.19688712,1.1996524,-0.13708787,0.6931405
2056,-0.13464817,0.56390375,-0.0042636474,0.123372555
2057,0.6529639,1.3893671,-0.17219633,0.7141148
2058,-0.7759091,0.9639375,0.24881108,0.18939686
2059,-0.8509722,0.73815376,-0.12477596,0.6416296
2060,0.06605086,0.64813143,0.09860747,0.051478744
2061,0.93417156,-2.1301665,0.020612476,0.6559582
2062,2.4330978,-0.5570267,0.025736336,0.31437457
2063,-1.3766134,-0.6217058,-0.04883794,0.6136205
2064,-2.6611452,-0.33963695,-0.043968525,0.1506331
2065,0.94601583,-0.20490138,-0.0056988467,0.6887909
2066,-0.811412,-1.0830439,0.12965898,0.97860086
2067,-0.859633,0.8146825,-0.103050075,0.16136336
2068,2.010253,0.9091414,0.083651856,0.45611095
2069,0.51300687,0.33048,0.07461254,0.032585025
2070,1.3797405,0.093652226,-0.17081581,0.5594758
2071,1.0711294,1.0537527,0.23072378,0.65690243
2072,0.90290296,-1.0972987,0.08272017,0.12692153
2073,0.8930259,1.2157104,0.020910686,0.36847436
2074,-0.6279758,1.0081174,0.045141913,0.2233082
2075,-1.1548669,0.5155355,-0.036623683,0.83312786
2076,0.6794409,-0.5186554,-0.2765149,0.6240418
2077,1.214205,0.7722491,-0.02356008,0.38428187
2078,-0.45663854,2.1768396,0.038689867,0.59975433
2079,0.32126874,-0.9434645,-0.151192,0.16076088
2080,-0.17666832,1.0406764,0.031375755,0.9990878
2081,0.32009786,-1.0435439,0.0090471655,0.74065363
2082,-0.035867907,0.11602464,0.07519361,0.51147854
2083,-0.48084328,1.4861882,0.049434856,0.7498909
2084,-2.0836666,-0.14778627,-0.041426416,0.11906421
2085,0.47191715,-2.2726662,-0.034260616,0.39131618
2086,-0.37171257,-0.43735808,0.15162186,0.41972232
2087,-0.8955417,-2.3796914,0.08548062,0.5638137
2088,0.9533574,-1.8621608,-0.10829383,0.25748515
2089,0.068672016,0.35775062,0.011621657,0.5832329
2090,0.3497073,-1.259193,0.07925472,0.9524938
2091,-0.532339,-0.34752792,0.03135852,0.31435227
2092,-0.699708,0.98061013,0.0023570862,0.7159747
2093,-0.5427457,-0.8117484,-0.12150228,0.42889023
2094,-0.1062165,0.07607777,0.016016733,0.21910644
2095,0.017885307,1.0737231,0.03061228,0.27129853
2096,-0.7552713,-0.57361597,0.050761368,0.64353526
2097,-1.5993314,-1.663085,0.06776775,0.042667866
2098,-1.1012748,0.9171276,0.18831755,0.059850693
2099,0.7035115,-1.194,-0.07559285,0.016478658
2100,-0.4443968,-1.3961686,-0.20755017,0.82445705
2101,1.8884956,-1.6218884,-0.064108275,0.5677146
2102,0.24806948,1.5975149,0.14059614,0.05503273
2103,-0.45847034,0.90428734,0.09437287,0.7389208
2104,0.50555027,-0.9427722,0.0078105563,0.9559835
2105,1.0491749,-1.9517974,-0.09278324,0.06768775
2106,1.3003395,-0.00859211,0.05782826,0.42339718
2107,-1.0403664,0.15133002,-0.049255323,0.97366
2108,2.29318,-0.112103134,0.014339991,0.16377223
2109,0.71377313,-1.1962448,-0.048543036,0.64167356
2110,0.36047372,0.22046319,-0.084256366,0.20138264
2111,0.6569827,-1.1373633,-0.0506392,0.17058921
2112,-1.4225957,1.063556,0.118973926,0.35743153
2113,0.500214,0.17083277,-0.15679875,0.78720915
2114,-1.8741409,-0.48380995,0.16021791,0.23780215
2115,0.6833629,0.8671637,0.033367608,0.5823455
2116,-1.0343598,0.61045015,0.10495889,0.9003471
2117,-1.0828334,-0.38297486,0.028037075,0.5017209
2118,-0.3726765,1.5155804,-0.09712958,0.53506505
2119,-0.5932511,-0.7993769,-0.053882718,0.41386604
2120,0.5730185,0.75891113,0.09258342,0.64878714
2121,-0.67686695,1.096639,0.12077884,0.9652245
2122,-0.24866408,0.8866462,0.03422863,0.44428766
2123,0.19782618,-0.7167144,-0.16689758,0.34720147
2124,-0.49569303,1.0606718,-0.11550899,0.97551906
2125,-0.47961766,1.0770144,0.08450931,0.3899423
2126,-0.6968093,0.50016016,-0.19767615,0.34671402
2127,0.5273434,-1.2323769,0.070276916,0.58476627
2128,0.770558,0.8336859,0.13160907,0.3539915
2129,0.5670246,-0.10166735,0.17839615,0.7575617
2130,-0.625173,2.3418467,0.0037031514,0.71233857
2131,0.0095036775,-0.55258155,-0.1266238,0.64749575
2132,0.2555593,0.6296776,0.007486742,0.92853725
2133,-0.30674773,-0.8575728,-0.028282637,0.2708336
2134,0.22167453,-0.5566188,0.124717824,0.90639544
2135,0.809366,0.58184725,0.045618575,0.96655524
2136,0.20821021,0.14408526,0.060546543,0.8040458
2137,-0.13022237,1.4643555,-0.11587836,0.6705458
2138,-0.6249125,-1.4532213,0.036628556,0.9265158
2139,-1.0048696,0.73291016,-0.052576777,0.8721192
2140,1.1344881,1.0312854,0.06872573,0.34895778
2141,0.06318854,0.48699132,0.17689334,0.15472174
2142,1.0852197,-1.70889,0.073132835,0.6094967
2143,0.3766135,0.90413,-0.024596859,0.21393418
2144,-0.25259584,0.7062271,0.115922846,0.2754197
2145,0.6688002,1.9256229,0.18568264,0.28539467
2146,0.6442249,-0.5713859,0.010471245,0.9806323
2147,0.43111682,-1.328189,0.17509606,0.9770788
2148,0.6006617,-0.25830227,-0.08215267,0.67002904
2149,-0.42558154,1.2185364,0.105375566,0.68250084
2150,2.4083505,2.7237444,0.047330577,0.0107290745
2151,-1.9581213,-1.3065776,0.102642,0.012995601
2152,1.1922153,-0.6847572,-0.17649202,0.90399826
2153,0.9567927,-0.50927126,0.035367444,0.6782919
2154,-0.16621476,0.50650424,-0.12538145,0.5989505
2155,1.1558726,0.24765596,-0.18085897,0.91704154
2156,-0.6653439,-0.43383735,0.030775845,0.03513968
2157,-0.19112298,0.36082864,0.018184423,0.37469292
2158,0.56663686,0.8952952,0.14115827,0.60258675
2159,1.9845877,2.2032237,0.0013564525,0.16493034
2160,-0.48806736,1.1232905,0.036379836,0.9169595
2161,0.19231771,0.70861024,0.006232296,0.30737936
2162,-1.0033123,-1.5542667,-0.0072178766,0.3586824
2163,0.6794906,-0.013472035,-0.07689027,0.5078871
2164,0.49317354,0.43793935,-0.028928507,0.4139712
2165,-1.021227,0.99980533,0.07799777,0.6345985
2166,-2.001016,0.44944867,-0.14139843,0.7352265
2167,0.014419514,-0.024341274,-0.18084317,0.23291385
2168,0.36933574,1.0254372,-0.026548315,0.20431626
2169,-1.9807703,-1.5870831,-0.015886128,0.81896305
2170,0.3452471,0.36668086,-0.11997815,0.81011987
2171,-1.02252,-1.3738478,-0.08614366,0.12363315
2172,-0.44835424,1.4451035,0.0819287,0.532002
2173,-0.5023826,0.1593435,0.14622878,0.7710339
2174,1.6050565,0.48019078,0.021871287,0.52414083
2175,0.73743355,0.91796434,-0.14459033,0.8118137
2176,-0.026482366,0.11256847,0.07038697,0.49043357
2177,-0.027148062,-0.5307747,0.010960364,0.23677218
2178,-1.0920924,-0.9975645,0.1743239,0.39417744
2179,0.3778661,-0.19864577,0.16212504,0.39763153
2180,0.7615656,-0.8439118,0.1145339,0.58221114
2181,-0.39095095,-1.2588122,0.06392356,0.524389
2182,1.4160883,2.4569483,0.09461827,0.89452636
2183,1.309241,-0.17264637,0.13907656,0.028889537
2184,-0.3252841,-2.1450796,-0.08043801,0.5244205
2185,-1.1564972,-1.4818674,0.03998661,0.69781494
2186,0.14208375,0.7671194,0.027378766,0.67490304
2187,-0.40176275,0.02437789,-0.063381985,0.5015094
2188,0.05222561,0.29489267,0.015222142,0.41448617
2189,2.358516,0.88691366,0.014466922,0.47861433
2190,1.5527539,-0.63247246,-0.11185757,0.20548475
2191,2.3777814,-0.9221243,-0.15736507,0.5812762
2192,-0.29213285,-1.3671489,0.12618387,0.6351265
2193,-0.09367549,0.28328404,0.08466559,0.8678205
2194,-1.2794518,0.17981343,-0.08966153,0.12385452
2195,-1.0723429,0.19591321,0.025460145,0.041202426
2196,0.39654633,1.3102809,0.0189146,0.6946701
2197,-0.20274994,-0.29343408,0.19640236,0.17477357
2198,-0.6614077,1.6119518,0.05984586,0.92811346
2199,2.161015,2.010566,-0.09221827,0.61752963
2200,0.65446794,-0.81072986,-0.006404651,0.0092993975
2201,0.51069355,0.39746004,0.17929594,0.19343722
2202,0.1731124,0.5787952,0.05338646,0.43431282
2203,0.35346764,-0.31778654,-0.07855957,0.30021274
2204,0.21914719,2.2298775,0.0024079287,0.97233844
2205,0.77956456,0.05314244,0.058876034,0.62455237
2206,-0.182229,0.78908104,-0.0028402666,0.7482915
2207,0.2803779,0.25693896,-0.0016574368,0.9009286
2208,-1.1349925,-0.24204142,-0.0791508,0.37087464
2209,0.31703532,-0.71389437,-0.0108471755,0.76906943
2210,0.7645345,-0.922554,0.13551803,0.54802346
2211,-0.3846182,0.9436247,0.044126388,0.44404948
2212,1.1295531,-0.38991937,-0.01780015,0.7512783
2213,0.55750984,0.09256042,-0.059250265,0.62512434
2214,0.0998667,1.2088307,-0.08089476,0.9345529
2215,-1.2748979,-1.02218,0.11798594,0.8726733
2216,0.5839746,-0.7768595,0.04763682,0.9737507
2217,1.5392668,0.79425424,-0.03333262,0.14997113
2218,-0.29855815,-1.1420889,-0.023320638,0.37555206
2219,1.3091621,0.3457527,0.037474822,0.7968583
2220,2.0246658,0.2586874,-0.07935878,0.4798174
2221,-0.87101495,-0.44920588,0.024064673,0.7078371
2222,-2.3415802,0.47880197,-0.13135533,0.3572222
2223,0.08598787,-1.724867,0.013252916,0.6709511
2224,2.0227392,-0.060339443,-0.00062060193,0.4593618
2225,-0.44499886,-0.12236177,0.13902715,0.556298
2226,-0.030945491,0.5954736,-0.027873864,0.6604347
2227,3.0886033,0.34396413,0.032095097,0.83954465
2228,0.34260568,-0.63939995,-0.15217248,0.4496969
2229,-0.981337,0.24386232,-0.050903585,0.29383218
2230,-0.49817047,-0.74202925,0.056844223,0.6152588
2231,-0.4211409,-1.2490454,0.059650715,0.5219468
2232,0.3463466,-0.80745006,0.01359731,0.72575724
2233,0.16761298,1.0280386,-0.032818075,0.2730645
2234,1.112322,-0.36725795,0.025331978,0.23535252
2235,0.86800396,-0.55330294,0.058808174,0.94875026
2236,0.31928587,1.0532337,0.015410833,0.23767292
2237,-0.0487886,0.8536287,-0.046002463,0.10185385
2238,0.035953272,0.93598336,0.056741387,0.29630125
2239,-0.1676289,-2.1427445,-0.029971873,0.5345957
2240,0.41781905,0.9602748,0.13055949,0.039603114
2241,-0.7291997,-0.5428607,0.079758264,0.14228773
2242,0.13837203,-0.91358435,-0.045042258,0.13379943
2243,-0.18150839,-0.6028794,-0.027116923,0.12611687
2244,-0.23488167,-0.30402023,0.13149966,0.16201925
2245,0.8599164,-0.27822986,-0.0342147,0.09116089
2246,1.1471894,0.17334536,0.023248134,0.2504934
2247,0.8153289,-0.12525608,-0.040273476,0.814808
2248,0.04312085,-0.8413578,-0.04400098,0.9783405
2249,0.9065943,-0.4749871,-0.22770725,0.20570993
2250,-0.5409207,0.73199195,0.089793585,0.9685756
2251,0.6833931,0.15159237,0.21188366,0.1661197
2252,-0.47716343,1.2365885,-0.04936513,0.32311916
2253,0.99305433,1.332762,-0.093310535,0.7791363
2254,0.3074984,-0.11685242,0.014251086,0.8283379
2255,-0.22591391,-1.2703553,-0.062427986,0.9278687
2256,1.032929,0.55490816,0.20156346,0.7074673
2257,0.64054435,-1.9042479,0.020617817,0.99685323
2258,0.75520915,1.4205779,-0.10055703,0.7397851
2259,0.47017333,-1.3781921,-0.12972823,0.7365402
2260,0.003567316,0.33466852,0.08183566,0.06749308
2261,1.8683662,0.43335363,-0.08865004,0.12900639
2262,-0.016629955,-0.3659422,-0.0596999,0.3037325
2263,-0.35168907,0.45116267,-0.15045182,0.63156164
2264,0.68853074,1.5968109,-0.16337644,0.15958142
2265,-0.73551255,0.9685589,0.0016616954,0.103328586
2266,-0.5762197,-0.43266138,-0.054600667,0.19189894
2267,-0.99992627,0.49706373,-0.15148942,0.83877337
2268,-0.21902859,0.39615554,0.115533136,0.89469457
2269,-0.041819386,-0.53601104,0.03171384,0.19617736
2270,-0.13562463,0.09103215,-0.06606697,0.0038274527
2271,0.29314384,1.3391441,0.108762585,0.7827203
2272,0.6460974,-1.6172423,0.08072881,0.87899756
2273,0.74728334,0.29403606,0.027913833,0.8814131
2274,-0.67756224,-1.4562999,0.03674106,0.92663145
2275,0.099827655,3.1378772,0.157661,0.6739119
2276,-0.2872252,-0.7172939,0.03595032,0.8401139
2277,-0.6482392,0.5133712,0.08004318,0.2711072
2278,-1.0877503,0.43783212,0.104877345,0.81360686
2279,0.15612553,1.0810573,-0.10239773,0.45507514
2280,-0.34154388,-1.0643162,0.011086961,0.78750265
2281,-1.1455854,-0.3858524,0.0142983,0.87302566
2282,-0.15309468,-0.9102547,-0.0909677,0.5343516
2283,-0.6607173,1.6991353,-0.107794106,0.2876923
2284,0.739888,0.94250035,0.057786312,0.78968513
2285,0.51617277,-0.31137493,-0.057770547,0.9533901
2286,0.102624804,-1.3754874,-0.10976943,0.06997883
2287,1.3029577,1.9712605,0.004783263,0.27735817
2288,-0.15262395,-0.5751204,-0.14118536,0.97927225
2289,1.6686602,1.0842693,-0.11694878,0.5140941
2290,0.5158983,0.76794624,0.22659786,0.25043607
2291,-1.179184,-0.37329665,0.032688387,0.19584596
2292,0.5253576,1.1465018,-0.12416746,0.7323457
2293,-1.1595516,0.9854793,-0.0057995636,0.093836784
2294,0.20584059,1.5464206,-0.043472197,0.6853895
2295,-1.7241296,1.1485869,0.027101189,0.6070577
2296,-0.74167395,0.26561546,-0.22237885,0.8237059
2297,0.14625077,-0.35172275,0.024927637,0.77779293
2298,0.13482895,1.738645,-0.10350881,0.4455166
2299,0.13552074,1.060526,-0.11082858,0.18363619
2300,-0.73969966,-0.32205465,0.050560117,0.48043323
2301,0.43809262,1.6855208,-0.16035475,0.120794654
2302,0.08291889,1.2606664,0.08045381,0.5981418
2303,-0.60687137,0.56808966,-0.052138623,0.5927565
2304,-2.4817994,0.43090537,0.0600545,0.13805616
2305,0.53286594,-1.2990623,0.090947755,0.6588371
2306,-0.6792394,0.9508195,0.11004136,0.43723822
2307,0.52857864,-0.5072101,0.138266,0.14511418
2308,0.23698615,0.29301375,-0.025183668,0.9994323
2309,-1.8739798,1.0003355,0.041177746,0.7027707
2310,-3.2010934,0.663732,0.09327795,0.6693734
2311,-0.28074697,-1.8188174,-0.07046407,0.23195791
2312,0.5236333,-0.44396806,-0.048900068,0.23976457
2313,2.5589316,0.41559076,0.24747221,0.71314967
2314,0.01548042,-1.0904447,0.09246252,0.93656266
2315,-0.21496092,1.5433577,0.18658371,0.5648458
2316,1.1263485,-1.9126666,-0.13901877,0.55164576
2317,0.31770715,1.0635744,-0.06110347,0.9682456
2318,1.4197472,-0.667064,-0.14872462,0.25109494
2319,-0.39636675,0.15581702,-0.15707642,0.06652486
2320,-1.4066727,0.7001299,-0.0702764,0.828133
2321,-1.4111737,0.37489116,0.05835675,0.31820822
2322,-0.36940372,0.44658712,0.18022202,0.44266605
2323,-1.2445314,1.4554502,0.110782616,0.89037
2324,0.20211689,-0.2243205,0.056073006,0.4709996
2325,0.36908525,-1.1125214,-0.10078054,0.10716367
2326,0.17690551,-0.76196283,0.045332137,0.7472936
2327,0.2690644,1.0454074,-0.012879617,0.85404885
2328,-0.48525694,-0.33657682,0.027006745,0.26701164
2329,-0.4327883,-2.0487323,-0.10973543,0.49626207
2330,0.5413266,-1.4858371,-0.019348623,0.5346668
2331,-0.5505888,-1.0728698,-0.120268226,0.2270912
2332,0.836636,-1.5873579,-0.074446686,0.8353851
2333,2.0717604,0.6077763,-0.1690337,0.8171208
2334,0.23525842,0.41404617,-0.13020007,0.03496003
2335,-0.9092992,0.27613032,0.07103445,0.1643107
2336,-1.8710063,0.29296792,0.13185649,0.25802612
2337,0.02909605,-0.302337,-0.017228212,0.9669827
2338,0.98178715,-1.4062622,-0.07720561,0.7437186
2339,-1.0517262,0.10817884,0.022275971,0.29809666
2340,-1.0207435,-0.22601876,0.01911435,0.7497784
2341,0.11812861,0.6600675,0.08970039,0.66404605
2342,-1.2714752,1.9551555,0.048902817,0.66500103
2343,0.30138797,-0.76956666,0.1111783,0.06208396
2344,-0.29079878,-0.10164993,-0.13195793,0.91741836
2345,-0.70257586,0.78945726,-0.02235349,0.74504566
2346,-1.5569432,-1.0486557,-0.14715742,0.7005085
2347,-0.30565608,1.974936,-0.093606174,0.8160579
2348,-0.9120532,-0.23136997,0.044418953,0.58874047
2349,-1.5289196,0.6055429,0.050694454,0.15343642
2350,-0.80777174,-0.95028734,-0.043792043,0.815719
2351,0.5439595,-1.1630043,0.121589504,0.26708984
2352,0.031632353,1.5918839,0.2101202,0.8472905
2353,0.8109151,1.3822248,-0.1518094,0.928764
2354,-2.580856,-0.42768237,-0.06994774,0.20947719
2355,-0.8901005,-0.49021736,0.029375246,0.8159951
2356,-0.53796667,0.5388073,-0.013614999,0.4537319
2357,-0.33286473,-1.09781,-0.12561516,0.9518138
2358,0.05841004,-2.4988804,-0.0024634497,0.25027013
2359,0.38292006,-0.47767586,0.103194475,0.3985169
2360,-1.0272175,-1.8850609,0.117904656,0.49645722
2361,1.3409401,-0.14856602,0.05900685,0.4197142
2362,-0.197113,-1.8485104,-0.04931467,0.62472594
2363,-0.9109356,1.2437354,-0.13638385,0.06696081
2364,-0.55845696,-0.73355854,0.12804148,0.48037112
2365,0.40710512,1.4521445,-0.0014769611,0.72831357
2366,-2.6690936,-0.22879353,-0.033546202,0.74251866
2367,2.3261435,-0.73510295,-0.027311934,0.26784897
2368,-1.8590348,1.7023411,0.08014604,0.32264817
2369,0.62438864,-0.028284289,-0.21071832,0.7925217
2370,-0.040383272,0.3734003,-0.06888177,0.6940019
2371,-0.169037,0.5930842,0.069704145,0.6058552
2372,0.16505617,-0.7764555,0.1441591,0.55669796
2373,-0.69197214,-0.88836014,-0.15737188,0.21478248
2374,1.5403072,0.4381893,-0.22496961,0.1609757
2375,0.15405874,2.1087418,-0.05612768,0.232579
2376,-0.574482,1.201255,-0.024579825,0.65301526
2377,-3.192874,-0.39973128,0.087778635,0.6858773
2378,1.1845131,-0.17328575,0.09044097,0.2510848
2379,-0.109981366,-0.18448743,0.06990995,0.55778015
2380,-0.33281925,-1.2532611,-0.03574982,0.5979544
2381,0.6101147,-0.1565764,0.013872832,0.22086465
2382,-1.3338671,-1.572376,0.15999882,0.38873708
2383,-0.30682418,-1.5037947,0.005147607,0.39584184
2384,-0.5298602,0.22330771,0.038950946,0.09551227
2385,-0.23316184,-0.29765692,-0.047548626,0.943694
2386,0.13782358,-1.1352298,0.070759624,0.9948838
2387,1.370671,-0.8160997,0.071575955,0.8005812
2388,-0.4043449,1.2189552,0.05642538,0.9361652
2389,-0.49037507,0.6214471,-0.13612628,0.010246158
2390,0.115295164,0.6408015,-0.10621762,0.59755635
2391,-0.40216872,-0.03698681,-0.039826777,0.34496462
2392,-2.0558882,0.47593948,0.010856508,0.9299151
2393,-0.09197089,0.33213636,-0.1563424,0.38262546
2394,0.41020468,-1.3420529,-0.083991766,0.5109383
2395,-1.6102369,-0.16547072,0.13527651,0.98202324
2396,-2.5644214,0.37183183,0.00073883025,0.33339787
2397,-0.21576765,0.34625837,-0.07708618,0.41881573
2398,-0.89610404,-0.60765326,0.07949364,0.5254065
2399,-0.20984648,0.83297545,-0.025728537,0.55827534
2400,0.53199077,-0.8421298,-0.0011410064,0.36207545
2401,-1.7264298,0.074132994,0.049141955,0.19655001
2402,0.6950693,0.61918986,-0.002056601,0.58578336
2403,2.0520911,-0.29438198,0.009233115,0.6332444
2404,1.7243431,0.088337086,-0.009775831,0.79968
2405,-0.2860156,-0.97449094,0.073665604,0.49706566
2406,-1.6334579,-0.6713291,0.11427307,0.046158314
2407,1.69456,-0.533233,0.0068871803,0.14644575
2408,-0.6224407,-0.2877113,-0.054954868,0.9406198
2409,-0.10092219,0.8851239,-0.0011536169,0.88439
2410,0.47582132,0.64690095,0.18250239,0.6760659
2411,1.9488858,-0.26287687,-0.22676384,0.5084884
2412,1.0453041,-0.29922995,0.012818289,0.994504
2413,-0.59072894,-0.072350435,0.042581104,0.81489515
2414,0.5791722,-0.55841786,0.05731864,0.28047335
2415,1.4038955,-1.3147197,0.24982405,0.29622376
2416,1.1588254,-0.48246205,-0.019499963,0.6174818
2417,-1.3409715,0.09835956,-0.13486223,0.84480894
2418,1.7408856,1.0828601,-0.017300488,0.23344707
2419,1.7049824,-0.02276878,0.027597943,0.457173
2420,-1.204261,-1.1451857,-0.042670324,0.895506
2421,-0.18698308,-0.1659106,0.11010889,0.9295498
2422,1.3016083,-0.27688178,-0.05165997,0.78404796
2423,0.26890177,-0.100719154,-0.065583944,0.5823393
2424,0.5247327,-2.2606702,0.09383939,0.4575169
2425,0.09096973,1.186547,-0.159853,0.5160154
2426,0.12844773,0.47812754,0.023612356,0.3584869
2427,0.7479151,0.013639236,-0.12524895,0.33937442
2428,-0.25101107,-0.47736973,0.022506934,0.46155035
2429,0.9023569,1.3621874,-0.023186568,0.05317247
2430,1.6725357,-0.12558647,0.1518348,0.540589
2431,1.5492561,-0.16443084,0.13709226,0.8399216
2432,0.6430681,0.37085184,0.030033747,0.7445811
2433,-0.61597943,0.2931348,-0.09173235,0.14299142
2434,-0.42140344,-0.007536667,0.030651111,0.8914845
2435,-0.5404652,-0.27298534,0.018665394,0.98254263
2436,0.34126276,-0.13740714,-0.09856372,0.831465
2437,1.6377172,0.3150184,0.08384824,0.06959033
2438,-0.51583225,-0.9636672,0.062396057,0.25357664
2439,1.0160556,0.9729727,-0.1165246,0.73762584
2440,0.9922762,1.1329495,0.0046665957,0.529163
2441,-1.4636667,-2.3308613,0.02714521,0.5481521
2442,-1.3089563,0.65002966,0.037086662,0.27168894
2443,0.51706564,-1.2380781,-0.016694196,0.89391315
2444,0.7657558,0.59016955,0.118094064,0.55474615
2445,-2.5777779,0.80420685,-0.2795685,0.3587861
2446,-0.35055256,-1.1271831,-0.17544697,0.118012905
2447,-0.08863451,-0.0904655,-0.074189946,0.2430216
2448,0.22858942,-0.42020887,-0.09325468,0.65532076
2449,-1.3383238,0.077706635,0.037181966,0.5306208
2450,-0.03873672,-0.5960415,0.07378473,0.33527803
2451,-1.6659627,-1.7585434,-0.013339994,0.075114965
2452,-0.3874003,0.5654598,0.21944451,0.11396098
2453,0.806458,1.5150774,0.025182081,0.39337826
2454,-0.389371,-0.23458493,0.036078785,0.5585321
2455,-0.53772223,0.56919014,0.13192779,0.33472943
2456,-1.7231568,-0.5958659,0.08347929,0.018385053
2457,0.13211106,-0.82800776,-0.1267568,0.31143236
2458,0.17502427,-0.59794664,-0.20137759,0.5472528
2459,-0.45685047,-0.54603684,-0.036005106,0.3682835
2460,-1.9759735,0.5545757,0.07609647,0.35706282
2461,0.80179507,-1.7555317,0.15445386,0.7143742
2462,-0.8372962,-1.900412,-0.23640525,0.96158886
2463,-0.790764,0.42775035,0.025004366,0.35660756
2464,-0.5067993,0.7718562,-0.01798549,0.3574766
2465,1.0552918,1.2126473,-0.117150985,0.503093
2466,2.1366959,-0.6344563,0.018672872,0.20476055
2467,0.05377952,-1.2742893,-0.10079924,0.13296282
2468,0.7671062,-0.67478645,0.20895739,0.49050844
2469,-0.6093411,-0.5150886,-0.12895711,0.16890419
2470,0.9468318,-0.16312799,0.14125465,0.6690823
2471,-0.93366426,0.6507643,0.27425572,0.2367574
2472,-0.3114499,0.113541946,0.020604873,0.7192608
2473,1.3536019,1.7997228,-0.17965305,0.4258343
2474,1.8529238,-0.019814638,-0.07095956,0.72061455
2475,0.6875653,1.4987189,0.0057094865,0.8371223
2476,0.83131194,0.93818367,-0.055565197,0.29416323
2477,-0.56355685,-1.4843823,-0.117351115,0.93658495
2478,-1.3862404,0.37025753,-0.0025961355,0.9034425
2479,-0.15510613,-1.0210036,-0.12773791,0.10861707
2480,-0.4258488,0.3535475,0.16935174,0.5139785
2481,-1.29109,-0.018093463,-0.0038583912,0.8436891
2482,-0.5709722,0.115797825,0.11033362,0.51801014
2483,-1.4162208,-0.6022069,-0.01903686,0.9925678
2484,-0.4638572,-0.48020938,0.039552633,0.44367945
2485,-0.6318883,0.38986602,-0.08092854,0.776811
2486,-0.9698176,0.22813885,0.12147688,0.3003018
2487,0.68216026,-1.8182114,-0.040879782,0.9231751
2488,-0.9406155,-2.0936444,0.090658754,0.8253813
2489,-1.127543,1.2689495,0.17207584,0.5218632
2490,0.118392214,-0.98262465,0.014682071,0.76017714
2491,1.4828981,0.48891696,0.00786238,0.90287495
2492,-0.4868038,0.18687315,-0.1236876,0.59656525
2493,-0.26460847,0.509302,0.112960175,0.9456996
2494,-1.8500234,0.3585172,-0.06102729,0.37654388
2495,-0.52120304,-0.038630262,-0.06439935,0.312096
2496,0.07353584,-0.3365022,-0.13527805,0.77882016
2497,0.08361365,0.8827286,0.051133063,0.035644174
2498,0.179446,1.5655775,-0.11744058,0.11098206
2499,0.42510182,0.88827795,0.14544451,0.3441887
2500,0.88303125,-0.1669686,0.13693382,0.8558525
2501,0.19731091,-0.42166567,0.02445938,0.98558116
2502,0.30741385,-1.5790527,0.008458043,0.900807
2503,2.0432594,0.40704763,0.16625354,0.92818713
2504,1.0142146,-0.2345275,-0.0155152995,0.25184643
2505,0.924074,0.30039936,-0.073496126,0.092538476
2506,-1.5652258,-1.9385346,-0.045485433,0.15644908
2507,-0.31483012,0.62510234,-0.02539729,0.22293484
2508,0.18198612,2.2262123,-0.06618734,0.27615905
2509,-1.7121587,-0.024700258,-0.110577226,0.79658484
2510,-0.4052355,-0.06769187,-0.061411005,0.95382154
2511,0.66298056,-0.08433497,0.10638837,0.2096715
2512,-1.6106281,0.24610732,-0.021595916,0.3189646
2513,0.15888655,1.0773833,-0.16205119,0.2562741
2514,0.09286743,-0.39755166,-0.014680636,0.000805974
2515,0.2077873,0.077679954,0.12205925,0.08030403
2516,-0.5896719,-0.045558117,0.041026615,0.5514916
2517,-2.0073147,0.79693234,0.07762813,0.37451625
2518,-1.138855,0.08651064,-0.11927929,0.18777823
2519,-0.37691066,-0.36759713,0.041699067,0.6912079
2520,-1.0928729,-0.56359714,0.11563984,0.8308102
2521,-1.4242696,1.3492922,-0.010457619,0.41534054
2522,-1.9525746,-0.010956734,-0.13193367,0.54390645
2523,-1.8241057,-0.8274703,-0.061842937,0.3111974
2524,-1.2791404,-1.5533123,0.13195497,0.27936423
2525,-0.20289756,0.7277802,-0.14010884,0.78196406
2526,-0.65309757,-0.4057296,-0.07975164,0.31274366
2527,0.37378737,0.08298875,0.2773158,0.46115172
2528,-1.2462633,-1.478915,-0.11596489,0.70143247
2529,1.4147694,0.6280746,-0.08141939,0.055751443
2530,0.10779142,-1.5151474,0.100471735,0.7526288
2531,0.88793343,0.60240585,-0.031995527,0.022170305
2532,1.5284566,-0.05962759,0.11591401,0.40930927
2533,1.5695786,0.06254661,-0.07689914,0.926471
2534,-0.6124907,0.03287367,-0.05596119,0.456272
2535,0.36421084,-0.08426721,-0.0006068563,0.47874272
2536,-0.340399,-0.0977433,0.11346566,0.030677319
2537,-0.037804037,-0.28465712,-0.02055966,0.3560927
2538,1.1800177,-0.3627924,-0.026779076,0.3624766
2539,1.1670109,-1.3228645,-0.064301096,0.65453255
2540,-0.7024049,-1.8199981,-0.049965244,0.13351238
2541,-1.0076191,0.2464175,0.046824954,0.8978417
2542,0.68041384,0.2535555,0.12743846,0.39854085
2543,-0.6775021,-0.057622697,-0.033717584,0.16144216
2544,-0.62054574,0.7332084,-0.082151465,0.21871555
2545,-0.40648758,-0.22763178,0.21620722,0.06104195
2546,0.050226316,-1.0822811,0.15491411,0.6356356
2547,-0.85442764,-0.07348205,0.24919656,0.6910683
2548,0.48154494,-1.2407494,-0.032476686,0.032188296
2549,0.024607148,0.6933849,-0.030191911,0.7160028
2550,-0.79692715,-0.9475167,-0.03128278,0.11667955
2551,0.54701996,0.19022605,-0.05425325,0.5196793
2552,-1.5249504,1.1796927,-0.021689517,0.67660666
2553,-0.26392898,0.7179591,-0.07255617,0.5049685
2554,0.37056062,-0.2066191,-0.12227304,0.88204145
2555,1.7570648,0.77580476,0.046530534,0.07338536
2556,0.3602751,1.4251803,0.17708407,0.6776719
2557,-1.4610647,-0.99751484,0.19517483,0.85702837
2558,0.03177526,-0.7614129,-0.027901486,0.86505795
2559,0.039731186,-1.3156102,-0.15994,0.48326766
2560,0.65606165,0.78632826,-0.035860624,0.49881804
2561,0.6337385,1.293977,0.14976433,0.1594963
2562,0.51425844,-0.6210381,-0.10111014,0.5651784
2563,0.38430727,-0.23600604,-0.050109413,0.24099243
2564,0.90673125,1.1896428,-0.1035231,0.15932429
2565,0.0521897,-1.3279991,0.13601907,0.7236999
2566,1.6262059,1.5144205,0.08233524,0.7539803
2567,1.4031626,1.4211082,-0.08011793,0.8225477
2568,-0.03032367,0.2047691,-0.02842996,0.21145296
2569,-0.44644332,-0.068773404,0.17593497,0.23280156
2570,1.1563226,0.23151284,-0.14131047,0.9311787
2571,-0.93903255,0.703301,0.099106655,0.10651958
2572,2.2618742,-1.1451638,-0.058365166,0.8130585
2573,0.8731467,-0.63820314,-0.05734941,0.0010178089
2574,0.6436562,-0.5060177,0.0044367495,0.20824552
2575,0.0015634667,1.6833614,0.025127674,0.99773014
2576,0.3707392,0.7152489,0.10859312,0.91143847
2577,0.81882524,-0.13989042,-0.032825645,0.8499305
2578,-0.23346367,-0.5174713,0.14869784,0.756775
2579,1.7379179,-0.6907335,-0.0033261892,0.7254797
2580,0.2649599,0.8506738,0.05879755,0.2589568
2581,0.18400829,-1.123132,-0.058713652,0.73609805
2582,-0.96643335,0.29639167,0.026421472,0.016761184
2583,-1.7806692,-1.4243191,0.009457847,0.5641341
2584,-0.8767688,0.4540918,0.079576835,0.92771614
2585,1.6240525,1.7350502,0.09357727,0.42643487
2586,-0.9596243,-0.86657524,-0.14354219,0.8980706
2587,0.58449244,-0.42396766,-0.05364492,0.5221255
2588,0.8323263,-1.0680394,0.044398047,0.2073071
2589,-0.058068667,0.3406886,-0.0021699062,0.11793244
2590,-0.020324217,-1.8368807,-0.1993469,0.76586187
2591,-0.72750187,-0.9093358,-0.1148712,0.18213522
2592,-1.0335397,-1.4330124,-0.086703606,0.33698976
2593,-0.65454584,-0.60966563,-0.08077925,0.79678595
2594,0.2510911,-0.8418036,-0.09647479,0.6086575
2595,0.7809546,0.46672198,0.00025797333,0.80240583
2596,-2.4079244,1.1755223,0.04035141,0.061523676
2597,-0.84730446,-0.49386558,0.027832601,0.69424844
2598,-1.446176,-1.7745328,-0.029820386,0.50638723
2599,-0.6032765,-0.91868967,0.21433723,0.46897936
2600,-1.2502991,-0.9268733,-0.014898117,0.5870079
2601,-0.027499301,0.50951123,0.028833566,0.1990099
2602,1.589549,-0.56341845,0.02662999,0.7361884
2603,1.0955199,1.8548149,0.1856088,0.37621188
2604,-0.14595523,-0.02015117,-0.1939467,0.61884034
2605,0.8705192,-0.08093844,0.020461319,0.47226942
2606,1.0675899,-0.62759554,-0.2984279,0.16178489
2607,-1.5978954,0.8910788,-0.006240155,0.3738798
2608,-0.28655422,-0.1391038,-0.078412615,0.99585426
2609,0.4607643,1.5391144,0.14290488,0.78372693
2610,-2.3510418,1.3463871,0.0733101,0.73320675
2611,-0.45840657,1.7297223,-0.0059911967,0.9301584
2612,0.63964796,-0.64684916,-0.08690604,0.91533375
2613,0.05426401,-0.27360976,0.072463416,0.29183674
2614,0.68195736,1.005116,-0.0006510517,0.8538606
2615,0.76568973,-0.003665178,-0.1345989,0.86244667
2616,0.12500353,1.2315949,0.21432953,0.71744287
2617,-0.16577367,0.18102406,-0.10767611,0.5108048
2618,-0.9860658,-1.4919813,-0.057328492,0.9785806
2619,1.1454405,0.77875495,0.012607212,0.17336905
2620,-0.05348462,0.63743794,0.13200323,0.09881818
2621,1.2735404,-2.6024437,-0.2223095,0.5088376
2622,-0.113469,0.90353924,0.04355072,0.11493361
2623,0.5926617,-1.1775812,-0.057846792,0.17178786
2624,-1.0714332,0.70342034,0.15562682,0.8446709
2625,-0.5937703,-0.08201115,0.018450523,0.86950755
2626,0.11633571,0.06046712,0.0047952887,0.38229465
2627,0.3542757,-0.67356634,0.046490148,0.38865006
2628,0.36013287,0.4807938,0.109029725,0.5377977
2629,0.20197448,-1.4974897,-0.09938598,0.33516717
2630,0.14297123,0.051780965,-0.020401226,0.5115235
2631,0.72746557,-0.75233793,-0.012446615,0.9357339
2632,0.020843815,-1.3247967,0.1012447,0.7913816
2633,-0.2438905,1.1487572,-0.12078557,0.43154454
2634,0.9387054,0.22507209,0.22970708,0.71314263
2635,0.17683479,0.47203505,-0.06914484,0.5567001
2636,0.3741373,-1.6578261,-0.07947661,0.8222256
2637,-0.6565421,0.3663533,0.114270486,0.123966575
2638,-0.04219054,-1.2066994,0.06329549,0.05684316
2639,-0.4201178,0.663354,-0.036122177,0.86692524
2640,0.65489995,0.7831243,0.26580605,0.3754896
2641,0.40055206,1.6620655,-0.1100985,0.39641213
2642,-0.5848265,-2.695926,0.0024435578,0.71416056
2643,0.5779493,0.44638604,-0.013211059,0.8714962
2644,-1.2978585,-0.25859827,0.06566491,0.55609345
2645,-1.7293458,0.03061948,-0.18386516,0.19076157
2646,-0.24174944,-0.3523036,0.021588191,0.15154338
2647,-0.7120935,1.5167481,0.011178155,0.9436538
2648,-0.24889556,-1.2151872,-0.03794007,0.37676978
2649,-0.50979996,-1.2516042,-0.14259195,0.18526125
2650,2.7566183,-1.0781473,0.22035213,0.8640853
2651,0.85433096,1.1572064,-0.20741156,0.6618334
2652,0.36267194,1.0452452,-0.00015020608,0.44496608
2653,-0.15760256,0.9089125,-0.09484524,0.97777116
2654,-0.21508384,-0.667726,0.07561844,0.40706277
2655,1.1874633,-0.7101738,0.17166178,0.96654737
2656,-0.0663993,-0.2829725,-0.051177423,0.7022022
2657,-0.35691372,0.40494564,0.093944184,0.5657481
2658,-1.6931105,-0.47409618,0.2741863,0.6459769
2659,-0.9140706,-0.79475915,-0.06505157,0.97289884
2660,-0.31756622,1.5731279,-0.014527391,0.72801816
2661,-0.011221498,2.7898045,-0.04132716,0.13488984
2662,-1.6498011,-0.1770295,0.16400522,0.07786012
2663,0.135746,0.06964788,0.055121034,0.18770671
2664,-0.92233175,1.0835751,-0.04872075,0.43744397
2665,-0.097953774,0.14579651,0.1150656,0.26725972
2666,-0.41506815,-1.8127782,0.06145447,0.86869025
2667,2.2730951,0.067365274,-0.12551686,0.77299666
2668,-0.5284651,0.7712692,0.24858399,0.33912408
2669,0.6224391,-0.56149304,0.008002725,0.5488205
2670,1.524055,1.1209502,-0.0337079,0.8253118
2671,-0.7290898,-0.07623406,-0.104496434,0.7826233
2672,-0.12617528,-2.253416,0.063151196,0.90633905
2673,0.99554384,0.60484564,-0.011351894,0.52375317
2674,0.08220438,0.07551708,0.14130482,0.24300325
2675,0.5197343,-0.33887765,-0.11281955,0.4197445
2676,2.664111,1.230122,-0.07069775,0.38633347
2677,-0.45777774,1.1039047,0.06423709,0.5184643
2678,-0.34562722,-0.8931824,0.04295395,0.64239347
2679,1.2091515,-0.30733722,-0.049319603,0.26085556
2680,-1.2552401,0.10064241,-0.19878389,0.15823662
2681,0.29737034,0.520126,0.1527483,0.9302851
2682,0.78724664,-0.14636023,0.043474805,0.29765368
2683,1.3567591,-0.2945973,-0.078052886,0.89436424
2684,0.70779014,-0.9042597,0.12677926,0.41621065
2685,-0.99321455,-1.7663828,-0.15153623,0.5641638
2686,-0.0047131255,-0.084872976,-0.03133004,0.21548808
2687,-0.74244285,-1.2178947,0.09724912,0.37175584
2688,0.84824336,0.26382178,0.11814728,0.5430739
2689,-0.035442725,0.8135783,0.09521667,0.32800126
2690,0.20253171,-0.8756612,0.049523007,0.31751466
2691,0.3117151,-1.2933302,0.03823211,0.3887024
2692,0.1494696,-0.23785087,-0.043254256,0.06853998
2693,0.09360481,0.65638554,0.038911913,0.7484882
2694,-0.6882727,0.6755496,-0.20712686,0.047097445
2695,-1.491403,1.3149264,0.16966282,0.11557865
2696,-0.11506218,-1.3486238,-0.09463514,0.3950417
2697,-0.67713827,-0.119443215,-0.010295359,0.9693366
2698,-0.5120869,0.52601737,0.13919637,0.53963554
2699,0.39010394,1.7155482,0.07037224,0.693876
2700,-0.19461134,-0.48436666,-0.20600355,0.7231586
2701,-0.71733844,-1.5003216,0.033001583,0.5400398
2702,1.6359503,0.28064048,-0.03014854,0.58606684
2703,-0.02209658,-0.8427703,-0.07443207,0.31360495
2704,0.6151381,1.8338879,-0.14859922,0.5570723
2705,1.1449219,0.53071064,0.04996411,0.23315012
2706,-0.22676033,0.43211296,-0.1139246,0.88885045
2707,-1.7814224,0.9761389,0.05935478,0.30998933
2708,-1.3367829,-0.962175,0.086008385,0.30727708
2709,-0.16768648,1.4488318,-0.10856358,0.5322119
2710,-1.8366756,0.98819107,-0.10787123,0.61990726
2711,-0.61476827,-1.5550661,-0.032072965,0.648777
2712,0.78191036,-2.2288642,0.032546446,0.9383824
2713,-0.5795774,-0.40606278,0.039269667,0.6282685
2714,-0.44784215,-0.10166074,0.001636741,0.087696314
2715,-0.38865742,0.30882543,0.11391828,0.82461715
2716,1.2703753,-0.2700028,-0.1903594,0.9964464
2717,-1.0545268,0.31454772,0.027819494,0.9932431
2718,-0.14991426,0.08634418,-0.18058209,0.71710205
2719,-1.4114788,1.4887799,-0.019646807,0.37075353
2720,-0.9882994,0.73124176,0.03934947,0.73563373
2721,0.04033258,2.502515,-0.045719545,0.20099628
2722,1.293632,-1.2544868,0.047141854,0.28865337
2723,0.5031189,-1.8054274,-0.059179623,0.27319074
2724,-1.2801731,-1.0548853,0.12877741,0.41848874
2725,0.5007735,1.1811274,-0.08993742,0.76203
2726,1.1625487,0.49563575,0.07696106,0.876408
2727,0.5405065,-1.5962023,-0.11153722,0.855602
2728,-0.63983107,0.030110966,0.0715039,0.9934386
2729,1.3657962,-0.8557429,-0.03580786,0.0034569502
2730,1.1106622,0.8907988,0.054943275,0.33160305
2731,1.4852122,1.3459529,-0.13562174,0.49966705
2732,0.36092627,0.58233327,-0.01849069,0.75855625
2733,0.94348764,0.052034702,-0.19135162,0.3987832
2734,-0.6019955,-0.47004172,0.04996472,0.5386059
2735,1.3229358,1.0833656,0.079738356,0.5106478
2736,-0.20545529,0.06365862,-0.0041507157,0.3574823
2737,0.44725505,0.060678475,-0.19623806,0.023241162
2738,0.42668247,-0.18352616,0.1620246,0.30803764
2739,-1.3381102,2.2499456,0.009124609,0.50414145
2740,0.047367446,-0.2933193,-0.07797142,0.428015
2741,0.68670076,-0.47827944,0.1635348,0.99882185
2742,1.4325715,-0.93372303,0.03943708,0.79680455
2743,1.2041034,-0.085857846,-0.022234205,0.43528438
2744,-0.12551177,-0.39836258,-0.09932058,0.9085591
2745,0.4370048,-1.5906316,0.19969738,0.9831468
2746,0.45751837,-2.26124,0.06093471,0.05952871
2747,-2.89478,0.62243617,0.04642261,0.17853725
2748,0.21139285,1.7591673,0.03826137,0.60105133
2749,-1.5952713,0.3775856,0.10288272,0.53795695
2750,-0.63959163,0.17872606,-0.100984514,0.63749015
2751,-0.23482451,0.58229786,-0.028233005,0.86014915
2752,-0.04726618,1.3118958,0.21798873,0.8207991
2753,0.44399792,2.0883772,-0.07322152,0.50973046
2754,-0.14905791,1.6334075,-0.14869788,0.09006953
2755,0.40502578,0.4928982,-0.038215086,0.4784919
2756,1.3606217,-0.31462604,0.07330771,0.6636958
2757,-0.095570065,-0.44343066,0.03188146,0.22654188
2758,-1.3815172,-0.69332165,-0.12796172,0.20652866
2759,-0.77396524,0.22367875,-0.18125327,0.24511433
2760,-0.3437503,-0.66822946,-0.0598453,0.48710394
2761,2.2684033,0.4772755,0.06758665,0.22572112
2762,-1.383378,-0.76872754,-0.12930316,0.7284895
2763,0.40537125,-0.114851035,0.07930276,0.00034046173
2764,-0.8946069,-1.4877149,-0.13070029,0.8373635
2765,-0.003332597,2.0593414,0.1395801,0.8940973
2766,-0.2796375,1.8763593,-0.02874787,0.59517086
2767,0.3335004,-0.9422118,0.18642808,0.83024764
2768,0.47455513,0.8846576,-0.1437413,0.4699391
2769,0.69832677,2.328731,0.056300547,0.9524723
2770,1.218935,1.0386198,0.008206017,0.9331237
2771,-1.5347167,0.77094257,0.12923408,0.3604207
2772,-1.2650611,-0.92423695,0.12973215,0.6998838
2773,0.2724015,-0.23227704,0.07178167,0.66042364
2774,-0.23777804,-0.37256914,0.12612532,0.80825496
2775,-1.5305523,0.53874713,-0.042671632,0.4967705
2776,-0.7052134,-0.81095845,0.14131227,0.686342
2777,-0.25883833,-0.3438048,-0.027964372,0.6033664
2778,-1.2364573,0.8108927,0.09747333,0.6053151
2779,-0.8276766,-0.32305878,-0.050355114,0.9914812
2780,1.5253303,1.7867013,0.065892324,0.16621351
2781,0.23490575,0.5472549,0.15697126,0.06365788
2782,-0.025055952,-1.1144983,-0.18732886,0.56592023
2783,1.4195869,-0.22491257,-0.10459951,0.4837457
2784,0.7105194,0.018241849,0.0439197,0.35172224
2785,-0.5434391,-0.6431201,0.03825481,0.59555805
2786,-0.072043344,0.1348398,-0.05539313,0.14231622
2787,0.7353949,-0.4269798,-0.01219385,0.03184259
2788,0.79965234,0.8205868,0.08849555,0.08608973
2789,0.6940988,-0.7916323,0.018493898,0.053948045
2790,1.5703214,0.15194635,-0.13714792,0.016847849
2791,-1.31421,-1.3501009,0.035977136,0.72847056
2792,-1.225478,1.2154789,0.21125583,0.4698578
2793,0.6889876,0.3608848,0.14399551,0.7588589
2794,-1.2278965,1.1884497,-0.14559352,0.5751722
2795,0.68437135,1.5685593,-0.033852607,0.5866623
2796,-0.286996,0.10367953,0.17130841,0.1885482
2797,0.4459876,0.03638594,0.078629784,0.4910921
2798,-1.6067019,0.7342883,-0.008199916,0.576267
2799,1.762831,-0.87488806,0.10714419,0.64331543
2800,-0.13605951,0.01691581,0.0682353,0.8249955
2801,0.70854187,0.96949697,-0.0066646053,0.8452518
2802,0.17882109,-0.5469639,-0.05525474,0.2807269
2803,0.09997361,2.8845656,-0.19034424,0.31744158
2804,-1.6463743,-0.19032204,-0.12680106,0.86411095
2805,0.9975229,0.28101632,-0.004676781,0.78013146
2806,0.8815261,-0.7814859,-0.043722924,0.39432144
2807,0.0693777,-1.4174314,-0.2161032,0.77624357
2808,-1.1391968,0.1398595,0.31142536,0.88700557
2809,0.10234214,0.5758579,-0.09496718,0.6371267
2810,0.7513998,0.391195,0.061434723,0.1595869
2811,0.43096143,1.4276854,0.041742098,0.66891134
2812,2.3510492,-0.64749277,-0.016611753,0.7469413
2813,0.84480315,-0.80207425,-0.051280595,0.9340631
2814,0.6642841,-0.36479542,0.012691733,0.39472568
2815,1.0320847,0.04606589,0.031742748,0.19066417
2816,0.078797646,-0.30000126,0.20498362,0.54242706
2817,-1.1640168,-2.45404,0.014944242,0.5340518
2818,-0.90368336,0.4339048,0.00837171,0.8502432
2819,1.7951509,-0.18861867,-0.07519629,0.16662073
2820,-0.7011053,-1.7145185,0.13754825,0.06141293
2821,-0.5597115,0.67080796,0.091421425,0.9406285
2822,-1.0614632,0.2619266,0.00981617,0.8053435
2823,1.7276441,0.66824275,0.006680374,0.9931028
2824,-1.0311173,1.5238862,0.102409005,0.9750775
2825,0.9012364,-1.3915224,-0.010722144,0.47164297
2826,-0.21587932,-0.2814495,0.087112434,0.3553909
2827,-0.026285676,-0.054405406,-0.08633171,0.48781598
2828,-0.18963595,-1.3010786,-0.0061856364,0.8900188
2829,0.8484232,-1.2432469,0.022314629,0.9518169
2830,-0.5376763,0.71531445,-0.12369376,0.34651673
2831,-0.18212995,0.76659137,-0.06931567,0.25976408
2832,-1.7318517,-0.7754412,-0.07875478,0.78210795
2833,1.0181316,-0.9914408,0.16705278,0.93460894
2834,0.049969908,0.60613424,-0.0662197,0.91854656
2835,0.28925252,1.3074983,0.098095424,0.098278284
2836,-0.003049619,-1.6682014,-0.0057808864,0.4342928
2837,1.0999084,-2.7997553,0.080600016,0.9227177
2838,0.007994314,-0.4497358,-0.025819292,0.739045
2839,0.10363897,0.37112263,-0.026802028,0.9291909
2840,0.81520313,0.790145,0.104029015,0.34904146
2841,0.8655902,1.6341498,-0.06782518,0.6944729
2842,-0.16691588,1.4662666,-0.17175019,0.7609174
2843,-1.2281069,0.94527197,0.12691775,0.37606466
2844,0.941846,1.1831756,-0.022838408,0.2751609
2845,-0.5099273,0.22982077,-0.0658753,0.56539834
2846,-1.8561174,-0.09722749,0.051661767,0.35697222
2847,-0.27807394,0.39802858,-0.005945247,0.91241944
2848,-1.6648325,0.9921838,-0.10108119,0.3981719
2849,-0.23235835,0.51134425,0.15608838,0.873965
2850,-0.1685196,-0.84610707,-0.0030370906,0.53846574
2851,1.7930458,-1.2542788,-0.038572814,0.62890685
2852,0.5930236,0.24201019,-0.02629053,0.20578718
2853,-1.9576297,0.057703055,0.011058038,0.8812026
2854,-0.37267584,0.6290682,-0.056464393,0.6067101
2855,1.7984296,-1.6603395,0.046934318,0.8503777
2856,-0.8555067,-1.1538627,0.055743344,0.68475485
2857,0.5000842,0.1917333,0.24811924,0.4399283
2858,-0.7876583,-0.1085995,0.013056125,0.5040971
2859,0.633473,-0.059183363,-0.16312136,0.94554484
2860,-0.57428956,-0.16951229,-0.16878946,0.75774133
2861,-1.8799952,0.51720536,0.022510396,0.29450154
2862,0.8253473,-2.555517,0.027856922,0.42036366
2863,1.3506762,0.27966002,-0.024777008,0.6154126
2864,-1.6728499,0.19429876,-0.1456395,0.81330144
2865,0.16142353,1.4178203,0.11642013,0.63905096
2866,-0.40128085,0.31747243,-0.12824355,0.23348475
2867,-1.3239411,1.3044788,-0.06517161,0.8317361
2868,1.3351058,0.5876573,-0.026200095,0.67175174
2869,-0.32797894,0.34269568,0.0028795616,0.5394856
2870,-0.20504482,1.1015787,-0.054092932,0.9545456
2871,-0.62579256,0.8638926,-0.05588607,0.4021728
2872,1.6495477,-0.8537295,-0.029225577,0.23846889
2873,0.19851457,-1.2909052,0.10120671,0.76593804
2874,0.85433817,0.073937036,-0.13210154,0.0347054
2875,-0.18515919,-0.49995068,0.008004733,0.9272666
2876,0.1857342,-0.9965452,0.23415177,0.50041807
2877,-0.77708703,-0.82197034,0.07383217,0.75723386
2878,0.11929772,1.1109844,-0.07357746,0.7315099
2879,0.28154695,-0.83256406,-0.06347293,0.6922461
2880,-0.33089772,-1.5131898,-0.22872935,0.94592917
2881,0.7905697,0.32232454,-0.05338021,0.96682477
2882,-0.35948715,-0.97437173,0.17505263,0.19070184
2883,-0.06033046,0.44052455,-0.028079048,0.8518015
2884,0.27397937,-1.4673474,0.16502938,0.27929497
2885,3.5480652,-0.4794443,0.1296528,0.9092219
2886,-0.4420665,0.20993187,-0.048314597,0.83192647
2887,0.7143094,-0.8211558,-0.07953056,0.51528335
2888,-0.05532235,0.7025642,-0.16759454,0.76337814
2889,0.8343193,-0.5666213,0.05962637,0.43555188
2890,0.13197874,0.6980545,-0.15259376,0.26572788
2891,-1.304785,1.3801694,-0.15524004,0.7490827
2892,1.9058903,-0.053234156,-0.09288361,0.79521763
2893,-0.2999513,-0.99667823,-0.03741269,0.80844295
2894,0.8753152,0.28212652,-0.05342104,0.4679669
2895,-0.6596865,0.2893955,0.06252067,0.18571424
2896,-0.46274912,-0.5616319,0.06427312,0.07680857
2897,1.1575394,-0.43367615,0.009531866,0.17753327
2898,-0.61763436,-2.283144,0.036624786,0.11330283
2899,0.15918341,0.51737005,-0.10504948,0.5026653
2900,0.37092194,-0.20188498,-0.021669848,0.46773183
2901,-1.711556,0.61647636,0.06073084,0.82544196
2902,-0.02100506,-0.5343631,0.008586611,0.6219628
2903,0.95533544,-0.02157652,-0.139284,0.6415434
2904,0.14661923,-0.13702948,0.17167312,0.60211957
2905,-1.0990758,1.5599074,-0.023951082,0.7810745
2906,0.42123738,-0.536932,-0.00076956407,0.3635018
2907,-0.27725002,-0.88012135,0.009535949,0.31009173
2908,-0.0007173761,0.5664601,-0.09321549,0.02669251
2909,1.2315489,0.3600541,0.025833705,0.79593563
2910,-1.0083994,0.5559733,-0.11793224,0.2823751
2911,-0.5513434,0.2932555,0.046416085,0.5218158
2912,-1.1781659,1.1135538,0.15861242,0.9891118
2913,-1.0739983,-0.41408148,-0.18137865,0.19290233
2914,-0.065196656,0.23823497,0.07782703,0.2015903
2915,-1.351251,-0.85886145,-0.028756807,0.3515556
2916,0.27253488,-0.12974742,0.0058179568,0.4627447
2917,-0.6080217,-0.24601847,0.032067195,0.08803213
2918,-0.29240635,1.3160394,0.0715309,0.119960666
2919,-0.4842487,-0.34071565,0.18657725,0.3198527
2920,1.6745285,0.67054117,-0.092766285,0.5150461
2921,0.37431803,0.6836007,0.12535605,0.71263313
2922,0.73222476,0.6062473,-0.06648007,0.6297773
2923,0.09448061,-0.022349736,-0.088051006,0.32019627
2924,1.1775067,0.020420903,-0.060893353,0.7629434
2925,1.7535173,-1.4869039,0.052764084,0.6283009
2926,0.6740259,-2.9605265,0.20424382,0.9006299
2927,-0.5377861,0.8240286,0.11614915,0.5783706
2928,0.4669179,-1.5208173,-0.103851594,0.049423695
2929,0.8393159,0.3609141,0.06505519,0.85216224
2930,0.51782167,-0.98297787,0.15401399,0.0746851
2931,-0.9163719,-0.7697117,0.0681317,0.41270328
2932,-1.070465,1.0936568,-0.0888099,0.76683235
2933,-0.0022861483,1.5818195,-0.07174458,0.68823874
2934,-0.3459781,0.6233983,0.07638883,0.8752165
2935,0.41271728,1.1953943,0.19915776,0.19102454
2936,-0.7740362,0.44857252,0.007854317,0.71343446
2937,0.55739194,0.84101486,0.07726506,0.75829315
2938,-0.45603737,-0.10956741,0.015880363,0.27916253
2939,-0.0121437,-0.39511746,-0.08478635,0.332134
2940,0.088343084,0.37582865,-0.20726335,0.013853908
2941,-0.1454246,1.7499386,-0.06630712,0.6753684
2942,-0.79941314,0.71489966,0.078354135,0.11078882
2943,0.99807453,1.6700456,0.20476213,0.9920361
2944,-0.7408567,-0.24429314,0.050490078,0.23320687
2945,0.7152558,1.2086552,0.13396841,0.22369373
2946,1.1863037,0.42528206,0.061373997,0.17993474
2947,-0.23657788,-0.4814887,0.0028630905,0.028703809
2948,-1.2961193,-0.58614385,0.06165544,0.5934782
2949,-1.8407875,1.7982188,-7.881202e-06,0.5432553
2950,0.5733062,-1.7559015,0.02678145,0.89244545
2951,-0.29362595,-0.0040838188,0.103131846,0.1576308
2952,-0.020939307,-1.398561,-0.006464029,0.3289988
2953,0.8728217,0.24258286,0.14999123,0.32907975
2954,0.82671463,1.217543,0.024407163,0.16329074
2955,-0.84971577,1.853736,-0.17060325,0.5517508
2956,0.5230209,-1.404724,0.06358333,0.053678393
2957,0.94663674,2.5986955,-0.051615685,0.60361505
2958,-2.00472,-0.29698822,-0.08158563,0.70654094
2959,0.03356371,-0.8350883,0.047972873,0.36783314
2960,1.157256,1.3323843,-0.08369043,0.66142106
2961,0.33308914,-1.7508824,-0.067041986,0.84952724
2962,0.62962806,0.12713873,0.005211579,0.51990163
2963,0.32761303,-1.0302635,0.08712937,0.9422715
2964,-0.5158807,-0.33398396,0.007578948,0.8518828
2965,-1.267927,-0.60201734,-0.24934648,0.80676115
2966,-0.72985834,0.61102766,-0.04792107,0.74942076
2967,-1.4367508,-0.7587921,-0.048924178,0.33661902
2968,0.36503005,-1.5614878,0.10336893,0.5352577
2969,1.8581564,0.3408716,0.17908077,0.76146746
2970,-0.16059758,0.054440867,-0.102191344,0.70838785
2971,0.21612567,-0.407942,0.18933012,0.10321939
2972,-0.16260111,1.649238,-0.15753455,0.41027343
2973,-1.6336157,0.48163086,-0.033321407,0.39175606
2974,0.002034995,-0.3514974,0.06828535,0.6060549
2975,1.7905581,-1.6460048,0.11407703,0.97570324
2976,0.11098145,-0.20976889,-0.16155143,0.5002893
2977,-0.15608819,0.4870664,-0.07632365,0.6322161
2978,-1.3505329,0.96944106,-0.052532207,0.62310565
2979,-0.21891442,-0.7330656,0.12423916,0.41948318
2980,0.48387128,-0.005450009,-0.17919233,0.0078828335
2981,0.2206818,-0.06994398,0.00042279979,0.47918403
2982,0.40873858,-1.391325,-0.011453189,0.39044487
2983,2.0547457,1.0426823,-0.05365603,0.3045498
2984,1.9021174,0.5224331,-0.042443685,0.3282876
2985,-0.6361934,-2.3199759,0.06616396,0.7796011
2986,0.49202487,0.0343046,0.09039938,0.5185969
2987,-0.009345151,0.9192798,-0.14439538,0.97263074
2988,-2.0036223,-0.99220955,-0.16952996,0.25828373
2989,-0.48190182,0.52060395,-0.074598074,0.6292809
2990,-0.8551961,-1.7260416,0.13925268,0.86176
2991,1.6404194,1.5338649,-0.13576001,0.792364
2992,-0.8154112,1.7149247,-0.20566331,0.17299092
2993,0.28527498,1.2099955,0.019363528,0.73569787
2994,-0.8651507,-0.84588444,0.019035658,0.90338814
2995,-0.019538779,0.38036212,-0.18553951,0.9921602
2996,0.66767466,-0.9268857,-0.050865937,0.37655032
2997,1.106719,1.495036,-0.14010006,0.017581701
2998,-0.9153974,-0.07733244,-0.089835875,0.4554801
2999,0.9849089,1.4203852,0.082378864,0.5741391
3000,-1.2181506,-1.2526304,-0.09358905,0.67731786
3001,-0.7213001,0.22866915,0.03552794,0.112704515
3002,0.22913049,-1.8055509,-0.22493546,0.037837863
3003,-0.45870036,0.8640987,-0.061098,0.3856187
3004,0.49290392,0.79246414,-0.037234403,0.8165021
3005,0.037661247,0.102288365,0.11355428,0.06494117
3006,0.6396883,0.6633041,0.045391425,0.62079465
3007,0.59277713,1.1395477,0.027504647,0.6061915
3008,0.29620087,0.5739272,-0.24552922,0.5145956
3009,1.2068514,-0.7166552,-0.01830123,0.14188898
3010,-0.15916087,-1.0061063,0.03247005,0.100319505
3011,-0.80393213,0.14997485,-0.07332001,0.08518827
3012,0.040221334,2.0789998,0.028990159,0.8046566
3013,-0.7687408,1.3657498,-0.09430277,0.15068305
3014,-0.8001858,0.5275199,0.21971321,0.3285842
3015,0.9051791,-0.09182055,0.022369621,0.023433924
3016,-0.13093872,0.68170255,0.189219,0.43642318
3017,-1.2034463,0.75775343,-0.14943783,0.34519362
3018,0.6889391,0.5481871,0.16967544,0.7780535
3019,-1.8088734,0.68965757,0.07349,0.19587898
3020,-0.5900193,-0.29892093,-0.10881921,0.66231585
3021,-0.6006644,-0.24769093,0.060067993,0.4680406
3022,0.32504514,0.41883823,-0.10936017,0.26639092
3023,-0.21442425,0.286961,0.046407368,0.7215836
3024,1.271415,0.3999328,0.13175377,0.39508247
3025,0.7887878,-0.48440695,-0.10118922,0.8016883
3026,0.21320702,-0.50958085,0.0149087375,0.35713983
3027,1.1733907,-0.30406088,-0.08280681,0.4313717
3028,0.56715864,0.5605765,-0.0038105156,0.83620036
3029,-0.24236484,-0.15172403,0.080398105,0.94182515
3030,0.4953766,1.2823387,0.10817366,0.16187
3031,0.4688418,0.66993517,-0.020787267,0.46359658
3032,0.6352087,0.46266112,-0.079878934,0.19400978
3033,-0.30873752,-0.22418445,-0.021796513,0.09708345
3034,-1.1073608,-1.2173729,-0.08337843,0.29492807
3035,-0.11881817,-1.2817538,-0.1400756,0.2076031
3036,0.9176542,-0.2332475,-0.19581762,0.45564795
3037,-0.3449177,0.26421195,0.010375883,0.8161105
3038,-0.8583552,0.9947001,-0.064505786,0.0725528
3039,0.33899745,-1.0273172,-0.037509937,0.46156728
3040,0.2333889,2.1660206,-0.025947863,0.9211216
3041,0.8742948,-0.6748491,-0.12947156,0.86331046
3042,-0.79744446,-2.5408626,0.062462326,0.08386457
3043,-2.0259798,-1.5103382,-0.027188415,0.79689085
3044,0.6566105,0.16712844,0.15590002,0.17305791
3045,-0.2827312,-2.55422,0.15782723,0.3981607
3046,-0.05899628,0.6020928,-0.07301527,0.8235837
3047,0.3604715,0.67908376,0.083718024,0.3914597
3048,-2.0347395,-0.7368447,-0.0663479,0.15500546
3049,-0.980477,-1.3053942,-0.111536555,0.18752182
3050,-1.8036828,-0.20093541,0.012031348,0.6146003
3051,0.083740786,-0.3664468,0.09807121,0.1441828
3052,0.53057986,-0.50590795,0.0086281495,0.23432887
3053,0.15571147,-0.54075706,0.050377723,0.79147315
3054,1.2240791,1.5075884,-0.006618876,0.48674273
3055,0.32005635,-0.81541955,0.12654813,0.075896025
3056,1.4165739,-0.3469376,-0.057848662,0.8156129
3057,-0.17042905,0.73172903,-0.072418645,0.7283672
3058,0.3717774,-0.04748576,-0.0818143,0.87708616
3059,-1.8190783,0.98652965,0.10621183,0.06401539
3060,1.1584039,-1.2509955,0.008691796,0.37107134
3061,-0.026920881,-0.36873868,-0.023478737,0.47832346
3062,0.8602997,-1.6042873,0.004655408,0.10052025
3063,-0.69834787,-1.1884961,0.02643159,0.8589771
3064,-0.70644933,-0.6103779,-0.099470146,0.86758816
3065,-0.3815379,-0.74919176,0.011301714,0.7817764
3066,-1.5533153,-1.2232878,-0.01048463,0.9626385
3067,1.1030868,1.3486153,0.10054994,0.5560906
3068,-1.2431499,0.08169259,-0.022797158,0.86719835
3069,0.32349214,0.28356338,0.1174193,0.12744474
3070,-1.3380597,-0.666811,-0.12488975,0.15849352
3071,2.5233638,0.8580802,-0.23547447,0.277009
3072,-0.87263393,-1.7443193,-0.104895554,0.08210707
3073,1.0980129,2.019647,0.04112636,0.6045222
3074,0.7911159,0.19867274,-0.18697743,0.48423862
3075,-0.047687393,-1.1570585,0.01648405,0.35373032
3076,1.7464622,1.7315153,0.00075006596,0.9362813
3077,-1.5288675,0.3690884,-0.01646468,0.096821785
3078,-0.74152327,1.033879,0.09553566,0.91443634
3079,0.004851627,1.0157557,-0.054108568,0.5134015
3080,1.1917124,-1.2658237,-0.084904894,0.106938004
3081,-0.24686186,0.44820607,-0.037490766,0.79101014
3082,0.40050802,0.10735142,0.13344787,0.5364152
3083,-1.8117038,1.6421545,0.20338511,0.28781128
3084,1.0576271,0.95066166,0.15555404,0.70545125
3085,-0.9040844,1.9910134,-0.036357988,0.6246557
3086,-0.17214382,0.82851624,-0.086672924,0.038648605
3087,1.0575968,-1.0768824,-0.010600164,0.9542279
3088,-0.42082518,0.93253356,-0.095710516,0.40124214
3089,0.1247572,-0.68224907,-0.043473866,0.8047739
3090,-1.0727236,1.3518287,-0.057258315,0.07997656
3091,-0.6554498,0.8189398,-0.020915587,0.4172529
3092,0.95420456,0.69861346,0.038649745,0.45580578
3093,-0.66486305,-1.0701678,-0.07393249,0.41764307
3094,0.25518236,-0.02313911,0.06670048,0.6627773
3095,-1.1337676,-0.5577726,-0.14432159,0.51983154
3096,0.6195794,0.84667516,0.041113097,0.3322121
3097,-1.0455511,-0.06360097,0.003374729,0.047377706
3098,-0.050857164,1.1176915,0.055518072,0.524312
3099,-0.5231434,0.8081774,-0.10933236,0.50006914
3100,1.2425965,-1.481247,-0.0445669,0.6084899
3101,0.66544956,-0.8559696,-0.026606569,0.058866262
3102,0.32888296,1.1962171,0.06304841,0.33644843
3103,-0.023198586,-0.463776,-0.09005771,0.4997928
3104,0.29866955,-0.9544588,0.04429024,0.10309768
3105,-1.1539738,-0.71568245,0.12752384,0.55100644
3106,-0.82105404,1.3250564,0.059147246,0.7274313
3107,-0.66606516,-0.39093098,0.051964402,0.61728466
3108,1.4122968,-1.2241913,-0.07586735,0.13345349
3109,0.05851361,0.87098545,0.067217596,0.033803463
3110,0.6637845,-1.2085649,0.14384906,0.3077693
3111,-0.9679532,-0.10619486,0.15273045,0.11188638
3112,-0.12118532,-0.10094651,0.0746818,0.7769879
3113,-0.095806,0.47357184,-0.04195963,0.3810935
3114,1.721818,-0.04489408,0.1912947,0.7015115
3115,1.9375272,-1.2805614,0.046330042,0.48251998
3116,-2.242725,1.9594105,-0.043496273,0.999663
3117,1.8411967,0.45830515,0.022289174,0.12171459
3118,-0.24490461,0.6072509,-0.27643713,0.16031158
3119,-1.0173539,0.3596894,-0.07085441,0.5315778
3120,1.20497,1.6819888,0.16948804,0.21030223
3121,2.3043888,-1.6151597,-0.0791692,0.53118694
3122,-1.2562071,0.39118564,-0.058719795,0.45822036
3123,0.3026055,1.3554131,-0.022511056,0.2603364
3124,-0.47945938,2.2430186,0.0015157963,0.87816644
3125,0.7798229,-0.8595755,-0.04837952,0.62294376
3126,0.36955708,-0.89813197,-0.023707388,0.02151692
3127,0.44437125,0.61933535,-0.10155501,0.9222485
3128,0.11573795,0.8130512,0.10456572,0.93060315
3129,-0.6110059,-0.69455224,-0.06900926,0.9270623
3130,-1.7162454,0.7933009,0.030894732,0.08917463
3131,-1.0877973,1.3485115,-0.11491727,0.76836896
3132,-1.185544,1.9785706,0.106857635,0.77196646
3133,0.084853925,0.22516282,-0.057850428,0.6556405
3134,-0.4189591,-1.4932666,-0.0081196865,0.7311443
3135,-0.1356994,-1.208047,0.0011675277,0.6682111
3136,-0.8122458,1.1566563,0.106737375,0.9494152
3137,-0.20744184,0.3241336,-0.1038182,0.84907675
3138,-0.07128091,0.032397706,0.12170799,0.10396671
3139,-0.3171665,-0.28517774,0.12859951,0.7390853
3140,0.7203348,-0.0230333,0.14588435,0.34071946
3141,0.7311953,0.2697207,-0.03675773,0.44619536
3142,-0.5115375,0.9696614,0.0011161881,0.75179243
3143,1.3421638,-0.1314077,0.009200406,0.69662714
3144,0.14148945,-0.30606034,0.20881549,0.37636685
3145,-0.70226955,-0.22409192,-0.090752155,0.28149116
3146,-0.16829108,1.66116,0.14389944,0.9602572
3147,0.32019192,1.806127,0.03752797,0.9828788
3148,0.96141696,-1.6750807,0.24337791,0.12928951
3149,0.9908014,-1.3743263,0.17262729,0.34911036
3150,-0.45686635,0.29182184,-0.19251506,0.54286087
3151,0.98210317,1.083601,-0.07842188,0.4157281
3152,0.07491896,1.4621267,-0.008163668,0.41721964
3153,0.6476585,-1.2847394,-0.019995125,0.7869023
3154,0.87911844,-0.11058174,-0.0076029673,0.5768237
3155,-1.1308966,0.8476608,0.22325495,0.9419143
3156,-0.341509,0.35230216,0.11043242,0.58618724
3157,-0.049468625,-0.7558203,0.019499397,0.76847565
3158,-0.574371,1.4305967,-0.030412754,0.8232471
3159,0.7012357,-0.37563705,0.16353117,0.02093923
3160,-0.58698136,0.04840492,-0.11916579,0.17147315
3161,1.3804427,-0.30798233,-0.088472806,0.1598332
3162,1.1173244,0.8009748,-0.03718147,0.5585195
3163,-0.019938672,-1.9365296,-0.07395979,0.2936896
3164,-0.5940166,-0.01771361,0.037258953,0.36006832
3165,0.012915146,-0.033295378,0.20495164,0.4036547
3166,1.3879423,-0.5697747,0.006930072,0.62320554
3167,1.0563681,-0.35114682,0.024438504,0.5732393
3168,-0.57945406,-0.5256816,-0.16550927,0.7648933
3169,-0.6440136,0.32224834,0.04585183,0.13571262
3170,-0.94017506,-0.9398575,0.093082614,0.638873
3171,-1.4685252,-0.44250178,0.016764209,0.18771958
3172,1.1034312,0.090168014,-0.07360297,0.44664252
3173,0.08220888,-1.5270095,0.05422578,0.5559734
3174,0.9793635,0.008334374,-0.031077778,0.1038301
3175,-0.647568,-1.4549466,0.04856595,0.22323322
3176,-1.2053069,-0.76859784,-0.012148574,0.46596837
3177,-0.42540094,1.0121528,0.038373016,0.68977535
3178,0.79916364,-0.26446706,-0.065731704,0.9305011
3179,-1.66849,-0.6595729,-0.1042221,0.6439713
3180,-1.2012675,0.6036212,0.006989231,0.7164358
3181,-0.27141538,-1.7893682,-0.17782678,0.44530904
3182,-1.4300452,-0.209147,-0.012076902,0.5690415
3183,-0.06501759,1.295194,0.102906145,0.78952146
3184,1.5248287,1.3962846,0.1088529,0.79403067
3185,1.6106331,0.13846526,0.07736325,0.18460608
3186,0.078167304,-0.3614329,-0.031024406,0.10340035
3187,0.93230414,-0.96809787,-0.03998242,0.14958966
3188,-0.9989455,-2.2393348,-0.14427444,0.42431295
3189,0.7879715,-0.9954951,0.03754086,0.3946128
3190,-0.26900724,0.477752,-0.040331002,0.5489956
3191,-0.7526318,0.1844581,-0.104153596,0.039095044
3192,-0.11722368,-0.44221967,-0.03294657,0.1262325
3193,-1.4605141,0.7830886,-0.10286137,0.13730586
3194,-0.54856163,-0.2769414,-0.10947632,0.5746794
3195,0.9503049,0.1635512,-0.01596578,0.33535862
3196,-0.49015173,-1.667655,-0.18700455,0.25067556
3197,-0.5877075,1.753574,-0.08765143,0.7402798
3198,0.71862155,0.7774773,0.13232456,0.369056
3199,0.5012606,-0.7816697,-0.0360582,0.36869013
3200,-0.050710857,1.1118728,-0.07781706,0.8990973
3201,-0.32964557,-1.1793355,-0.01679077,0.9552382
3202,0.70221466,0.9091454,-0.075062625,0.67082787
3203,-1.4624058,0.9868263,-0.09796148,0.6193874
3204,-0.5937868,-0.34042403,-0.02493061,0.15650761
3205,-0.61241686,1.0553375,0.04774322,0.9241524
3206,-0.05800312,0.98425716,-0.058564402,0.92370605
3207,-0.37143654,0.5962005,-0.16924448,0.7887175
3208,0.16870283,0.6727443,-0.16847156,0.6362556
3209,-1.3971045,1.3462222,-0.14029461,0.23463273
3210,-0.78051627,-0.72731346,0.01679912,0.7951764
3211,-0.008713135,-0.100881934,0.0020438835,0.99712026
3212,-0.6504592,-1.8785644,0.016788332,0.19005096
3213,-1.1415251,0.19260933,0.10180789,0.4056605
3214,-0.4194638,-0.13926704,-0.06815655,0.64060676
3215,-0.6051487,-0.6318817,-0.06827021,0.81117
3216,0.31327608,-1.3517547,-0.041975617,0.4237815
3217,-1.2727181,0.82683575,0.16782643,0.18489397
3218,-1.6613114,1.6503848,0.21262152,0.28788912
3219,1.2952653,-0.3691126,-0.01998412,0.33498502
3220,0.26118663,1.506224,0.10844167,0.33757818
3221,-0.8185251,-0.75867504,-0.014835696,0.83043087
3222,1.5483934,-1.5337733,-0.09889405,0.5781499
3223,-0.81975216,-0.2661589,-0.057204735,0.7119304
3224,-0.25575304,1.4800866,-0.15879017,0.18491721
3225,-0.6623786,0.3734285,0.21440983,0.64262736
3226,-0.13640785,0.21636336,0.001933809,0.8439914
3227,-0.07397673,1.0509615,0.02698651,0.36810112
3228,-0.62328386,-0.9674024,-0.07242719,0.5762378
3229,0.5162031,-0.10002721,-0.008904791,0.38826358
3230,-0.67560875,0.02668309,0.049006492,0.5554637
3231,-0.3036597,0.123715594,0.08008278,0.47048318
3232,0.9306644,-1.6766979,0.042204767,0.38363397
3233,0.37134162,2.0555334,-0.047948256,0.5275283
3234,-0.63829726,1.6336707,-0.047316525,0.6391151
3235,0.30319023,0.44838384,-0.15379292,0.62977326
3236,0.30953693,-1.5190046,-0.017563527,0.81914043
3237,-0.079316065,-0.47268334,0.00873091,0.31023395
3238,0.8825353,0.91685283,0.0770815,0.9323336
3239,-0.49928582,-0.358142,0.05430011,0.5699382
3240,-0.6569214,1.0368233,0.10499032,0.7828102
3241,1.1067086,2.41962,0.054757595,0.8264972
3242,-1.4402229,0.49735013,-0.015459624,0.5171249
3243,0.87229395,-0.23852381,-0.075272985,0.21499026
3244,-1.5031887,-1.2829164,-0.18953581,0.5511699
3245,0.32477453,1.1349984,-0.1685801,0.6888521
3246,0.44898063,0.9951653,-0.06874129,0.7237674
3247,0.6802654,-0.26042348,0.016981196,0.8593426
3248,0.7387401,0.123207346,0.2167255,0.98769915
3249,0.75712925,-0.6610143,-0.0278844,0.2853161
3250,0.57385397,0.19723718,-0.03338863,0.750682
3251,0.5623232,-0.5353881,-0.001937769,0.6970012
3252,0.25144976,-0.9097516,-0.05354168,0.70926476
3253,-0.43512398,-1.3298758,-0.049292434,0.2354896
3254,-0.761992,-0.5136758,0.029254625,0.026034355
3255,1.0339197,-0.14793491,0.13810344,0.6603986
3256,0.5877979,-0.34873945,0.049926467,0.8276061
3257,-0.59265584,0.22498628,0.043125264,0.28837097
3258,-0.06963216,-1.2037761,-0.15088047,0.4193107
3259,-0.39587387,-0.9004552,0.094846494,0.15566444
3260,1.9035072,-0.06722796,0.18463348,0.47818184
3261,1.6077754,0.3902503,0.0084217265,0.42825997
3262,1.4032034,0.29273242,0.00037839572,0.5106387
3263,1.0169176,-0.7814206,-0.01259012,0.09633279
3264,1.7702477,-0.5892243,-0.024280272,0.6969273
3265,-1.6210483,-0.43471605,0.085710175,0.72714555
3266,0.038572997,-0.026264453,-0.0048726373,0.10224354
3267,-1.0070801,-0.4609871,0.0002292274,0.87011063
3268,1.4637368,0.6771339,0.049384583,0.8893362
3269,0.88072777,1.0334319,-0.005996555,0.37761283
3270,-0.3075487,0.7827995,0.047325566,0.20671594
3271,-0.009553432,0.22543192,-0.12144841,0.141271
3272,0.14548486,0.13248304,-0.022141041,0.8056754
3273,0.2690359,0.5146596,-0.116451934,0.4496882
3274,0.23012514,0.34537616,0.0883375,0.10672319
3275,1.5631944,0.625651,-0.046107817,0.68566763
3276,-0.24367595,0.7726506,-0.080951594,0.83627975
3277,1.6696563,-1.1357701,-0.038153473,0.4044571
3278,-2.523562,-1.2442333,-0.0336506,0.6510061
3279,0.6764971,-0.4612653,-0.021518016,0.29492927
3280,-0.39913225,0.3310917,0.05461196,0.42160487
3281,-0.10102941,-1.1434506,0.06914762,0.27489877
3282,0.3111245,2.67886,-0.025534922,0.1499201
3283,-1.5159665,-0.35068125,0.04937051,0.7091607
3284,-0.509063,-0.8982398,0.060171533,0.86530244
3285,1.0362276,0.061938245,-0.01921669,0.43065548
3286,-0.87651026,0.6265638,0.12565516,0.93717265
3287,1.2611177,0.30195588,-0.18736307,0.6461588
3288,0.862982,-0.18535861,-0.03212308,0.41762424
3289,-1.7438804,1.3111839,0.03926089,0.84079254
3290,0.40046334,-1.1215489,-0.081753805,0.57323635
3291,-0.7246304,0.09476816,0.0018692836,0.5601722
3292,-1.0215648,1.297241,-0.0910295,0.03358352
3293,1.1462845,2.8618984,-0.22241607,0.45890248
3294,-0.90776193,0.4614642,-0.22118902,0.74016213
3295,-0.11402239,-0.61143416,-0.10701412,0.5938207
3296,1.2505248,0.51100504,0.06822968,0.60493076
3297,-0.32648844,0.0394749,0.05245551,0.90487146
3298,1.3168113,1.6802026,-0.18661058,0.12629879
3299,-0.37895212,-1.0204623,-0.08656647,0.62134755
3300,-0.12830265,-1.3232108,0.069666095,0.07381642
3301,1.4200822,-1.0229207,-0.020832215,0.84815216
3302,1.0495465,1.3432537,0.08734023,0.30932963
3303,2.0030856,-0.43575934,-0.030718377,0.5159987
3304,1.0267489,-2.590804,-0.21434692,0.32277238
3305,1.0560148,-0.6108197,-0.09174778,0.09824777
3306,-0.33296043,0.5773042,0.088767864,0.7343364
3307,-1.6182376,0.4563296,-0.048036765,0.9852272
3308,0.5894374,-0.10976582,-0.04531749,0.50026834
3309,-1.8258232,1.011424,-0.07071652,0.23880339
3310,-1.214318,-0.49051464,-0.13412203,0.73577106
3311,-0.6080292,-0.301759,0.14888857,0.7682594
3312,-0.44497514,1.0439196,0.030009521,0.8212544
3313,-0.021696074,-0.30721352,0.02441837,0.21309221
3314,-0.27236196,-0.29827666,-0.20547347,0.54705334
3315,-2.8393729,-1.2415,-0.07681342,0.7660209
3316,-1.3388332,-1.3392214,-0.010144269,0.90435755
3317,2.2261376,0.50514317,-0.17650859,0.32915246
3318,0.022829905,-0.4192804,-0.017171683,0.5533581
3319,-0.9023024,-0.9984002,-0.08970201,0.78881454
3320,-1.5544587,-0.38009605,0.033731263,0.8846564
3321,0.9369937,1.5008701,-0.19237725,0.14977348
3322,-0.6868522,0.6144519,0.10615728,0.8549088
3323,-1.2093146,-0.72343266,-0.13128364,0.9255744
3324,0.5823669,-0.39651355,0.014442615,0.07706344
3325,2.0174422,1.9912715,-0.11419805,0.0135861635
3326,-0.3926875,-0.17569655,0.07098933,0.3349055
3327,-1.3931174,-1.212604,0.07243129,0.38849425
3328,1.4746705,-0.5611575,-0.06389334,0.6868453
3329,-0.09939447,0.09863762,0.020016696,0.3818084
3330,-2.218223,0.87641716,0.063949175,0.23175824
3331,-0.9532969,0.20153475,0.06406984,0.85472524
3332,-1.2984608,-1.1571022,-0.13228314,0.44294298
3333,-0.702133,0.059700176,-0.18664585,0.28158057
3334,1.4007571,-0.4988546,-0.036003806,0.7054293
3335,-0.01707196,-1.2198554,-0.07518613,0.74474347
3336,-1.2210826,-0.6416572,-0.008536301,0.27297533
3337,0.41854888,-1.2514014,-0.06892769,0.63299036
3338,1.1693656,0.86716676,0.033292018,0.51617956
3339,-0.108662315,-0.43699348,0.031374406,0.9962084
3340,-0.58181274,1.7996505,0.025670676,0.1823448
3341,-1.023182,2.041799,0.048093606,0.8187375
3342,0.12769754,1.1837962,0.16423306,0.22569442
3343,0.573862,-0.73595715,0.039862443,0.26371908
3344,-0.7974839,-0.26640904,-0.017336736,0.097782254
3345,0.12715408,-0.10628652,-0.042548895,0.1971395
3346,0.64314306,-0.014337779,0.055599358,0.8637415
3347,-0.034538858,-1.0662508,0.081618704,0.31431353
3348,-0.25000188,-0.8127321,0.20793836,0.015920877
3349,-0.20989808,-2.4360638,0.07210085,0.07303023
3350,0.61983347,0.7739952,-0.06704699,0.42595494
3351,0.042954553,0.74056005,0.0069272863,0.21702111
3352,0.2635916,2.4369507,-0.16258769,0.87632024
3353,0.023199933,0.81208426,-0.043440178,0.7025734
3354,1.3767201,0.042154204,-0.012471277,0.09658992
3355,0.26227695,-0.5589219,-0.12895781,0.8653536
3356,1.3763518,-0.12483957,0.05167774,0.20222282
3357,0.74035484,-0.77480936,-0.26491946,0.430241
3358,-1.6208451,0.984903,-0.07474881,0.7330382
3359,-0.367085,-0.20170291,0.1765642,0.38982034
3360,0.054446854,0.71547496,-0.12429583,0.20307422
3361,0.15894799,-2.136624,0.073948935,0.3392073
3362,0.4773431,0.98117477,-0.006988257,0.6860677
3363,0.8222252,-0.47504297,-0.114586525,0.3593024
3364,2.2063203,0.3086656,-0.049073573,0.38861132
3365,0.53910995,-0.1870585,-0.036003996,0.8774048
3366,0.7875387,-1.4886355,-0.0745892,0.15180016
3367,-0.42369795,0.32809734,-0.02202787,0.5795312
3368,-0.7644574,0.29199517,-0.15079466,0.9133502
3369,1.7802602,-1.1327897,-0.063966945,0.42110884
3370,-0.33390623,-0.110336706,-0.05549509,0.45383453
3371,0.44757053,1.2892559,-0.09465777,0.877995
3372,-1.1477685,0.82494086,-0.045142327,0.9071934
3373,0.49871197,-0.40735266,0.009741168,0.14905131
3374,-0.6663524,-0.32996264,0.08807683,0.6257993
3375,-0.05789776,-1.6171207,0.0910018,0.55704784
3376,1.4734395,0.73049045,0.023488304,0.092632174
3377,-0.69891465,-0.8775892,-0.018213514,0.812217
3378,-0.6775393,1.9727392,0.056614507,0.6953474
3379,-0.19840683,-0.5506256,0.12759347,0.67102003
3380,-2.0626464,-0.682922,0.040778726,0.6400789
3381,0.6470729,-0.37419897,0.15727727,0.7711767
3382,0.47270757,1.160018,0.018875146,0.1636846
3383,0.8674232,1.2959853,-0.05728782,0.8738632
3384,1.0963093,0.9307096,0.0050590434,0.8983307
3385,-1.5020438,0.48359483,0.019516578,0.31167793
3386,-0.13942182,1.0239502,0.15569958,0.39675832
3387,-0.19645955,0.018086141,-0.011150507,0.37304306
3388,0.1700254,1.1364255,0.0122666005,0.15515602
3389,1.3770957,0.56696886,0.04385676,0.09543741
3390,-1.4705467,-0.55018854,0.16437213,0.0021164417
3391,1.1092818,0.91305715,-0.042869434,0.55569756
3392,0.7558789,1.1581192,-0.019540196,0.3770473
3393,0.8594819,-0.52969587,-0.04557996,0.20100546
3394,-1.3494798,-0.34666437,0.17697597,0.08495045
3395,0.18386668,0.23117462,0.07529121,0.15631378
3396,1.6194923,0.21131858,-0.020259164,0.278224
3397,1.0100056,0.24402303,0.055138182,0.09799838
3398,0.26720563,0.28647807,0.22988677,0.8012928
3399,-0.9623398,-0.37511414,0.078227915,0.08671558
3400,-1.8243377,-0.07043314,0.0132845985,0.31485462
3401,1.4268621,-0.5173446,-0.20535766,0.93365765
3402,0.71475846,-0.8184486,-0.17785335,0.6397723
3403,0.6781395,1.3735973,0.10634949,0.4681375
3404,1.6333439,1.9651597,0.23089229,0.16400754
3405,0.1458228,0.67634606,-0.06008437,0.99139476
3406,0.022651168,-0.68493086,-0.06808996,0.7618042
3407,-1.4483867,1.8085184,-0.07648962,0.9464195
3408,-0.039924823,-0.19913648,-0.19121385,0.97987103
3409,-1.0676277,-0.218732,0.033014517,0.052897215
3410,-0.06093428,2.6927648,-0.08206105,0.98654234
3411,-0.9159695,-0.23673522,0.021965439,0.2841189
3412,-0.81798005,-1.4336166,-0.06952598,0.03229487
3413,-1.2427397,0.8249731,-0.14907227,0.988289
3414,0.14646941,1.285914,-0.016405528,0.36023927
3415,-1.4891858,0.118521616,-0.1226144,0.9630312
3416,-0.3153847,-0.7919998,-0.09781803,0.11575198
3417,-0.10325309,1.0592926,-0.009077875,0.46912706
3418,-0.37473425,1.1575258,-0.080209285,0.6498312
3419,0.5158157,0.55896294,0.004990648,0.25408876
3420,-0.7523888,1.7117207,-0.05869008,0.5399717
3421,1.157451,-1.0731243,-0.072010264,0.42474556
3422,-0.026101546,0.36799246,-0.024542194,0.37253928
3423,-1.750028,0.05563015,-0.054260172,0.8611517
3424,-2.0140865,0.6921659,-0.053971495,0.027314067
3425,0.038752716,-0.23711504,0.02073217,0.7058487
3426,0.42074338,0.6954598,-0.15157391,0.7685455
3427,2.4976854,-0.13376324,-0.06743967,0.34169626
3428,-0.2828957,-0.66835904,-0.100330345,0.9922159
3429,0.095753625,-0.63140094,0.083422445,0.48099113
3430,1.6867192,0.15696678,-0.1056145,0.8027065
3431,-1.3388406,1.1947577,0.15015174,0.8130348
3432,0.96939325,0.5901909,-0.18665062,0.880365
3433,-0.64598453,1.271972,-0.12150053,0.5967574
3434,-0.9573896,-1.4545412,-0.0064032148,0.25110078
3435,-0.23531386,0.09968111,0.14355594,0.75497115
3436,0.25632966,1.332136,0.013754032,0.53394127
3437,-0.3482892,0.37737477,0.06938368,0.47379613
3438,-0.372893,0.9648495,0.121890746,0.6297759
3439,0.3748123,-0.23299204,0.021828137,0.03671074
3440,-0.43024066,-0.30820134,-0.11642816,0.3258767
3441,-0.5206801,1.3837831,-0.21499455,0.75422883
3442,0.09847006,-0.77980655,0.006374395,0.11072278
3443,0.19513744,-0.37566492,-0.10648759,0.80885184
3444,0.048328932,0.3055598,0.10197969,0.28431916
3445,0.15095705,-0.27129507,0.09002305,0.20510232
3446,-0.829666,1.2504818,0.019587819,0.23979998
3447,1.3291097,-0.99279684,0.11719282,0.22169816
3448,0.24131674,-0.24836484,0.113682866,0.81503916
3449,-0.016706161,1.021548,-0.1525224,0.67905426
3450,-0.05070936,-0.36387423,0.009178231,0.11484349
3451,-0.97501606,0.88951683,0.033249915,0.1420908
3452,-0.00654249,-0.46413475,0.0152511345,0.34077215
3453,-0.6688542,-0.08370375,0.06733683,0.12910771
3454,-1.4058037,-1.748295,-0.04224382,0.2120868
3455,0.18011166,-0.60071623,0.07257412,0.5835041
3456,-0.68864495,0.11764026,-0.20139003,0.039553523
3457,-1.105312,0.6193549,-0.24791108,0.47736442
3458,-0.0031595833,-0.7390336,0.10897149,0.48474205
3459,-0.51543874,-0.87183964,-0.07533138,0.18559551
3460,-0.14011946,1.4354382,0.0455944,0.5448011
3461,0.98956126,0.112196796,-0.181482,0.74115896
3462,-0.8373632,-0.45665777,-0.01059136,0.9721825
3463,0.9357051,-0.0051024845,-0.0626704,0.9154376
3464,-2.5313954,1.3123904,0.14253537,0.021781802
3465,-0.26724696,-1.5602067,-0.08140953,0.8552067
3466,-1.6408423,2.074628,0.035335854,0.7601837
3467,0.64103854,-0.32762137,0.09692923,0.025824666
3468,0.062108297,-2.3719091,0.19288076,0.69541097
3469,0.37807724,-0.53184456,-0.035724845,0.7568873
3470,0.8509269,-0.026158338,0.0431676,0.7597405
3471,-0.79364216,-0.95114756,-0.11436287,0.59708285
3472,0.9362867,-2.0654404,-0.008608219,0.9054234
3473,1.6138765,-1.3385975,0.1676086,0.48653436
3474,-0.9519591,0.08611294,-0.0028216434,0.7956599
3475,-0.08325906,0.028444067,0.067372106,0.8101307
3476,0.62059665,-1.9220943,0.0031788412,0.6274878
3477,-1.1283107,1.0470076,0.11162468,0.22138286
3478,-1.4007375,0.7711573,-0.085398644,0.5603367
3479,0.7764113,-0.7288621,-0.011283747,0.3601637
3480,0.7248626,-1.4045365,0.05937406,0.83904755
3481,-0.95149755,-1.4890908,-0.14346069,0.9419271
3482,-0.1633751,-1.3206006,-0.07337917,0.3755784
3483,0.3991926,0.50811887,-0.12063016,0.23830783
3484,-0.7039572,0.739406,-0.02009046,0.6959504
3485,0.11096973,0.24185081,-0.006195576,0.7670641
3486,0.61888325,-0.28649536,-0.02919654,0.4506117
3487,2.5212634,0.38018644,0.06338661,0.9809276
3488,1.68303,0.29946232,-0.02940378,0.2530023
3489,-0.1643512,-1.7400274,0.0401121,0.3731097
3490,-0.7377047,1.3184772,-0.1263961,0.619238
3491,1.5021957,1.7082411,0.08497778,0.7943988
3492,-0.21212272,0.04918755,-0.02264372,0.24541354
3493,-0.78695685,0.8423805,-0.08505178,0.57486534
3494,-0.72122216,0.18271832,0.106425904,0.60805535
3495,0.15332884,-0.44306704,0.1668082,0.41963387
3496,0.93773973,0.94746596,-0.017687442,0.18856907
3497,-1.2674686,-0.9760539,-0.019570563,0.2568791
3498,0.06413679,0.45122883,-0.034232162,0.34477437
3499,-1.0081484,1.4350623,0.089015305,0.28455615
3500,0.70805305,-0.59743184,0.06742412,0.07494044
3501,-2.605085,-0.54104066,0.055425372,0.38341403
3502,0.7128659,-0.361712,0.14958178,0.3051523
3503,0.14272489,-0.3927498,0.007869364,0.17492354
3504,-1.3827924,0.0065037925,-0.04372933,0.07352102
3505,0.44329137,1.0015867,0.1128989,0.890442
3506,-0.89535475,-1.3856907,0.006894997,0.32483113
3507,1.1286466,-1.0397177,-0.009377333,0.93797874
3508,-0.278853,-0.5956743,-0.10810764,0.509164
3509,-1.0050033,-1.3336321,0.09150723,0.55238557
3510,-1.8165739,-1.2684968,0.07788983,0.3426075
3511,-0.6682908,-0.29514718,-0.042613413,0.24476457
3512,-0.26628023,0.56778735,0.0584898,0.23010862
3513,1.5067613,-0.08327166,0.04295106,0.3489859
3514,1.1704118,0.7727147,-0.23608449,0.32228732
3515,-0.58898115,0.7193397,0.0969945,0.75065136
3516,1.1772233,-0.10791209,0.03172637,0.7821722
3517,0.47986487,0.47493577,-0.059082713,0.679363
3518,0.6246337,-1.6019411,-0.1900792,0.2750368
3519,0.73132056,0.21307343,0.15517233,0.2031343
3520,1.0619345,0.49433103,-0.024295602,0.48564363
3521,-2.0499792,0.39677587,0.03683049,0.06186092
3522,0.8230433,-1.2647053,-0.032630347,0.32047725
3523,-1.5873159,-0.9055494,-0.11480925,0.31230843
3524,1.7197964,0.457251,0.1163085,0.8239317
3525,0.29527938,-1.1078403,-0.036928948,0.24287212
3526,-0.5113492,-0.19213037,0.004021475,0.49870074
3527,-0.4111763,0.37446454,0.12351682,0.16437197
3528,-0.07589092,1.4804486,-0.01259027,0.7721361
3529,-0.7678854,0.36876795,-0.15847199,0.38127935
3530,-0.59841835,0.14020742,-0.13275887,0.64108074
3531,0.11644311,-1.3379076,0.095334984,0.018680096
3532,-1.3839289,0.61457646,0.14114727,0.2688117
3533,0.36584973,-0.76775897,0.12794393,0.51290464
3534,1.848226,0.83514684,0.035138536,0.5200244
3535,1.4803753,0.6815781,0.069511004,0.035855293
3536,-2.2577636,-1.1182243,-0.15901248,0.7651619
3537,-0.6606496,-0.41970825,0.027815545,0.6824392
3538,-0.8658969,-0.5147297,-0.20865832,0.55384016
3539,-0.71950865,0.49809015,-0.06210968,0.22411251
3540,1.2238623,-1.0744864,-0.12343339,0.10856676
3541,0.24595302,-0.92249644,-0.08477711,0.6603068
3542,-0.38244277,-0.53695685,0.039001495,0.7724035
3543,0.2194297,-0.6427042,-0.043135706,0.9840641
3544,0.14780998,0.49087578,0.05290223,0.25594962
3545,0.183385,-1.5840299,-0.053795535,0.2629906
3546,0.4040208,-0.7181425,-0.03985816,0.3578211
3547,-0.57307565,-1.6753031,-0.024727559,0.9783199
3548,-0.6484512,-0.47018388,0.18957318,0.045886636
3549,-0.71121246,-0.9132527,-0.007241574,0.9551991
3550,0.48402178,-0.21413685,0.101684846,0.05728972
3551,-0.8149579,1.1407673,-0.12449288,0.8359022
3552,-1.6910973,-0.5205368,-0.09683194,0.04185784
3553,-0.3625244,-0.50236595,-0.033073172,0.26561213
3554,0.71724546,-0.029821137,0.031232655,0.18818581
3555,-1.2744246,-1.7845813,-0.047378693,0.1065948
3556,-1.3125527,0.7141996,-0.011472891,0.090245485
3557,0.027805848,-0.4225986,-0.028329818,0.7765018
3558,1.0148301,0.009845835,-0.08836552,0.5566013
3559,-0.743514,1.088963,0.08446785,0.6951065
3560,-0.003895864,1.2520218,0.03475484,0.70358086
3561,2.7234392,-0.89532,-0.14203447,0.080682874
3562,0.15707387,0.6080477,0.11508969,0.21435869
3563,0.14678052,0.19790569,-0.18607011,0.3440312
3564,-0.07047508,-0.062322218,-0.03470261,0.14351714
3565,0.5794224,-2.5480373,-0.044021554,0.3643856
3566,-2.184069,-0.76243067,0.1408027,0.8015344
3567,1.5563934,-1.5729903,0.043017857,0.6178192
3568,1.0904509,-0.14326452,0.0147207035,0.59104395
3569,-0.36286896,-1.3792278,0.14120321,0.58884835
3570,-0.28072986,1.2211428,-0.20131154,0.590361
3571,-0.08644481,-0.562197,0.10732621,0.17492962
3572,-0.4876507,0.17506766,-0.03539825,0.29572737
3573,-0.20669541,1.5916017,-0.019092543,0.2543205
3574,0.47215235,-0.011048773,-0.12582006,0.41485894
3575,-0.8633882,-0.9143634,-0.1789697,0.70758677
3576,-1.407521,-0.69620186,0.108663045,0.039173365
3577,0.64842266,0.80407894,0.08672804,0.21221352
3578,0.4216221,-0.14939421,0.03516635,0.081062436
3579,0.46752378,-0.36201063,-0.16594212,0.79829633
3580,-0.31676525,-0.3936586,0.010676779,0.65213454
3581,2.0618308,1.0410826,0.0058568395,0.77212334
3582,-1.7957866,1.7085793,0.003136598,0.2934003
3583,1.4334466,1.9257927,0.054647345,0.9077128
3584,0.30536506,-1.496131,0.14416157,0.46384358
3585,0.049314693,-1.0766177,0.23219839,0.22409558
3586,0.19085713,0.33063024,0.13659969,0.1510849
3587,0.9110674,0.22349924,0.30954027,0.5345092
3588,0.5209742,-1.379179,-0.010202179,0.7691864
3589,0.31321362,-1.365694,-0.09229528,0.9967408
3590,-0.24236052,0.44350398,0.07698023,0.9931271
3591,0.37835938,-0.43749127,0.007916663,0.029644966
3592,0.8355476,0.46521312,-0.076025665,0.25831974
3593,0.48327878,-0.47661105,-0.035241775,0.10928428
3594,-1.4973933,0.4788211,0.021722084,0.2848891
3595,-1.4301225,-0.9636192,-0.05258127,0.15941966
3596,1.4361491,-0.9148587,0.15584143,0.9960859
3597,0.08654633,0.44454935,0.054155912,0.8403429
3598,2.6104817,-1.5216459,0.13752678,0.82708526
3599,-0.59850377,-0.59606326,-0.17746226,0.8676915
3600,0.05472127,1.2996341,0.047897622,0.15073717
3601,0.33545554,-0.13951325,-0.1295283,0.1455704
3602,-0.47133157,0.8960432,0.029566456,0.8989798
3603,-0.5304655,1.0739332,-0.1942275,0.010818243
3604,-0.73581964,-1.5058743,-0.0064464225,0.44664693
3605,1.0879493,-0.7661927,0.15757254,0.11178529
3606,1.137217,0.7492521,0.048431914,0.23789048
3607,-1.3259993,-0.6024046,0.07488375,0.22435164
3608,-0.9426092,-1.3257934,0.12541828,0.50803673
3609,1.1201229,0.8299428,0.022596804,0.6567085
3610,-0.26120317,1.5335608,-0.18850079,0.20993948
3611,-0.71413106,-1.1550771,-0.050061107,0.28979456
3612,-1.1561352,0.04781827,0.05420543,0.57266784
3613,-0.38696453,1.7524712,-0.009411398,0.7735851
3614,-0.48805624,-0.92574894,0.22198163,0.8593384
3615,1.7238107,-0.20489833,-0.02292503,0.70546293
3616,0.055039383,-0.7186008,-0.112338975,0.68425417
3617,-1.0112089,1.9212242,0.028005093,0.36408794
3618,-0.41135547,-0.32140172,-0.007163891,0.6521089
3619,1.3386812,0.0414128,-0.045277953,0.88038576
3620,-0.109804295,-1.3769579,0.13824719,0.38715875
3621,0.51141614,-0.7160288,0.059503235,0.5893259
3622,0.80405337,0.13817534,-0.022598688,0.9802394
3623,1.3359944,0.20685676,0.10226659,0.512298
3624,1.2262677,1.3348122,-0.02059372,0.79510844
3625,-0.76618946,-0.4229597,0.06481705,0.26053905
3626,-0.45542505,-0.82552737,-0.05133892,0.7308655
3627,-0.82623214,0.8357229,0.21407263,0.6676136
3628,0.84224594,0.47484007,-0.015620644,0.7119571
3629,0.48207986,-0.24901915,0.15872353,0.114886045
3630,1.0357589,-1.1606323,-0.0010114033,0.17471862
3631,-0.28968176,-1.0964698,-0.09000098,0.0009839535
3632,0.8851501,0.32231036,-0.052373834,0.15094006
3633,1.069507,-1.3063222,-0.03782556,0.56167936
3634,0.13619477,-0.97873014,-0.06545588,0.68423486
3635,-0.6239404,-0.23377965,-0.20311177,0.8112327
3636,-0.64717853,-1.8977151,-0.02441023,0.22789645
3637,-0.1744258,1.1656489,0.06393785,0.8627604
3638,0.06805591,-0.42718273,0.027365554,0.76475143
3639,0.71473956,-0.76939267,0.08519106,0.27843165
3640,-0.19429313,0.85601115,-0.13882585,0.6336454
3641,1.7132384,-1.1488744,-0.21399899,0.23033488
3642,-0.30214086,-0.46874028,-0.07279127,0.062574744
3643,-1.2115612,-0.2918706,-0.112601414,0.9263865
3644,0.26562598,1.2040927,0.26545605,0.0057361126
3645,0.15716887,-1.6605613,-0.08410649,0.6699307
3646,-1.6228032,-0.732539,0.05732569,0.25182688
3647,-2.3151817,-0.42880276,0.07221754,0.96027005
3648,0.29502782,1.0193638,0.087624304,0.9409934
3649,0.13017099,0.21038611,-0.17562479,0.62017703
3650,-0.730035,-0.09644303,-0.06025483,0.5864006
3651,-0.09681589,-0.08736143,-0.20556013,0.22847354
3652,1.1359981,-0.3109603,0.0019076879,0.89084494
3653,-1.8283067,0.83617485,-0.119455315,0.7481444
3654,-0.1430553,-0.007937089,0.005743039,0.3758192
3655,-1.697926,-1.2839843,-0.010081528,0.030889153
3656,-0.10426913,-0.51523596,-0.053489674,0.3476578
3657,0.0484118,-0.030480318,0.06829682,0.4696666
3658,1.0548799,2.0888906,0.032146256,0.059662104
3659,0.14521186,-0.091877274,-0.08055513,0.29610014
3660,-0.7417499,0.13234015,-0.09949567,0.6508466
3661,-0.3658301,1.4841805,-0.060053665,0.38137555
3662,0.23312454,1.1750567,-0.111398354,0.6615174
3663,-0.57700616,-2.5453587,-0.1051495,0.7296791
3664,-0.46324503,-0.7747561,0.18415989,0.22362137
3665,-0.9277571,1.4769613,-0.20388106,0.66629946
3666,-0.14088145,0.82091993,-0.020530848,0.40192056
3667,0.17940499,1.2521613,-0.16103147,0.7889812
3668,-1.0141205,-0.6664976,-0.14127593,0.52828205
3669,-0.5561838,2.4325333,-0.16470598,0.39403987
3670,1.5671834,-1.6568396,0.1253575,0.1802826
3671,-0.138628,-0.79058295,-0.07691681,0.31754696
3672,-0.85775536,-1.0407685,-0.0009949977,0.7108084
3673,0.6786394,-2.1270566,-0.040894695,0.6585132
3674,1.1851944,0.24735987,0.14221616,0.9998096
3675,-1.4753991,-0.5437671,0.107096136,0.28611195
3676,1.349995,-1.22811,0.092799686,0.14426577
3677,1.5877588,-1.2672704,-0.058819234,0.22896552
3678,0.5074339,-0.3780171,0.118715875,0.0331465
3679,-0.4830469,-0.9550361,0.26956937,0.090669274
3680,1.7458639,0.5195989,0.04630483,0.8614687
3681,0.52459484,-1.3916051,-0.15785822,0.9535285
3682,0.5409001,-0.4790907,0.023348195,0.9429189
3683,-1.2021368,1.3111254,0.16414678,0.7414701
3684,-0.17846084,-0.05060344,0.08779251,0.09035015
3685,0.8951739,0.50537497,0.037982125,0.56787455
3686,1.1733919,0.085547894,0.058963116,0.003376484
3687,1.3396453,0.8605342,0.027325971,0.8672513
3688,-0.84279835,1.3636897,-0.18883047,0.3316977
3689,0.36355478,-1.0409421,-0.08925753,0.88933754
3690,-1.0365406,1.1898459,0.07632663,0.821242
3691,1.5398309,-0.070036545,0.08511888,0.37608373
3692,-1.3863239,-0.7290629,0.0787311,0.49670553
3693,0.15527835,-0.5238713,0.1396375,0.5633093
3694,-0.68875974,-1.0448221,-0.0024050742,0.18135834
3695,2.5871162,0.24015738,0.039223325,0.44748175
3696,0.21427704,-0.6488772,0.16940604,0.011772156
3697,0.64805835,-1.0826805,0.019641675,0.14202595
3698,-1.2270441,1.6995405,-0.08295337,0.70415306
3699,1.7296903,0.4617577,-0.05763632,0.09814143
3700,-0.48920238,2.2050343,0.03667211,0.77504444
3701,-0.47842452,0.17370817,0.18331274,0.52875555
3702,0.94347036,-2.27362,0.025485395,0.2334609
3703,-1.1893274,-0.75303763,-0.03621922,0.25879323
3704,0.70967007,-0.3398937,0.101898335,0.7279018
3705,1.414932,-0.8118722,0.068253815,0.31704926
3706,0.2383564,1.0134858,-0.025026089,0.9267709
3707,1.3423417,0.7270311,-0.09582069,0.16857803
3708,-0.5630767,0.13038012,-0.186488,0.05114484
3709,0.38457233,0.96755636,-0.013558239,0.35273194
3710,-1.4290648,0.78720427,0.1648046,0.036007047
3711,-0.6666412,-0.70289755,0.14680304,0.14785576
3712,0.5065314,0.8345224,0.07990687,0.7091788
3713,-0.5091382,-0.070142575,0.09540712,0.11738241
3714,-0.55490524,1.2091646,-0.04025267,0.50623333
3715,-0.34160024,0.7285572,0.028319914,0.057532787
3716,1.555833,1.176966,-0.16031456,0.88251984
3717,-0.49897376,-0.20373403,0.007637565,0.6704718
3718,0.67303693,1.1581315,0.10680735,0.28820992
3719,0.11462589,0.36854056,-0.1042756,0.1037606
3720,2.1951194,-0.65592134,0.14268677,0.34797823
3721,-0.6999335,0.05332108,0.06559375,0.3671466
3722,2.1506739,0.008806516,0.21529315,0.5593629
3723,-0.98853415,-1.3904337,0.027305592,0.40797257
3724,-0.6554742,0.3500431,-0.09569356,0.43134212
3725,-0.23392278,-0.11749478,0.0044583147,0.63374114
3726,0.32906085,1.1595268,-0.15953706,0.98310924
3727,1.1369113,0.87314975,0.03517267,0.80621254
3728,-0.3216298,1.0046917,0.031352933,0.67163956
3729,0.8651105,0.6769738,-0.13062347,0.95238173
3730,-2.4580102,-0.28503552,0.06935738,0.97784245
3731,0.3086255,-0.6601866,0.11971042,0.95851004
3732,1.3075631,-1.3070744,0.008281754,0.1707102
3733,0.5543248,-0.9626086,-0.007996775,0.16463089
3734,0.85425913,-0.60265434,0.2523869,0.24620521
3735,-0.5526024,-0.9604798,-0.024834942,0.101949215
3736,-0.2831831,0.013137184,0.19853395,0.63134193
3737,0.99271584,0.5510285,0.09176587,0.23368716
3738,0.11370224,0.8670988,0.040289696,0.18599355
3739,0.1587325,1.4584738,0.11639887,0.1150527
3740,0.16384253,1.8574297,0.035947043,0.04824841
3741,-1.1754427,0.6143707,-0.07581579,0.9173441
3742,0.7202875,-0.55177414,0.045300186,0.69726443
3743,0.4180157,-0.15279506,-0.023258802,0.8001789
3744,-1.7932285,0.8137546,0.22400008,0.9604907
3745,-0.035522554,-0.2657348,-0.012844275,0.56933594
3746,0.87382764,1.7073843,0.11331164,0.9832028
3747,-0.6531183,0.34811184,-0.057241704,0.34772134
3748,-1.3050945,-1.2957054,0.0037275513,0.79707575
3749,0.82388854,-0.9829303,-0.1514092,0.23640025
3750,-0.6836367,0.0004859452,-0.062647745,0.6844826
3751,0.9241936,0.19222973,-0.027127862,0.8672768
3752,0.4275414,-1.5579269,0.0039365157,0.20048416
3753,0.34019494,-0.7467044,-0.05625355,0.08391428
3754,0.2664634,1.4369073,-0.20832217,0.77897036
3755,0.9296499,-0.049250524,0.032298874,0.8063377
3756,-0.67837894,-0.60759926,-0.10595745,0.97247875
3757,0.28416657,0.96096593,-0.098521344,0.6808814
3758,1.8138385,-1.6521127,0.08868229,0.6613412
3759,-0.15273975,0.6876085,0.08867356,0.65611553
3760,1.3284819,1.3796614,-0.06948428,0.09958935
3761,1.0787356,0.52379847,0.050949868,0.3297385
3762,0.6727713,-1.2284435,0.037441935,0.27733743
3763,-1.1310862,0.48579368,0.03764249,0.030603409
3764,1.3698496,3.1918783,-0.08475138,0.18094385
3765,-0.8749674,-0.6315497,0.034461003,0.17374241
3766,-0.4805877,2.1444345,-0.11454886,0.8482367
3767,1.0144786,0.061250865,0.026672473,0.9983566
3768,0.7219144,0.07507418,-0.15798591,0.73459935
3769,-1.1368346,-0.13292843,-0.22346948,0.52277994
3770,-0.5210525,1.1458755,0.104800045,0.3424796
3771,0.566178,0.31960222,0.18658322,0.478675
3772,-2.7854462,-0.6800845,-0.09068487,0.3543024
3773,0.26321787,-0.22084177,0.033546504,0.4643587
3774,-0.9829589,1.0249946,0.106132545,0.8348093
3775,0.80672026,-2.4409955,0.10514303,0.7218871
3776,-0.0009928822,-1.3976526,0.0073567294,0.59449553
3777,0.20342514,-0.1107958,0.07630721,0.86010444
3778,-1.7096393,0.37840337,0.074661024,0.6971599
3779,-0.8933908,-0.4789258,0.14466785,0.8366717
3780,-1.8738606,-1.327609,0.02637503,0.8095467
3781,0.07808338,-0.12099598,0.053488176,0.040557384
3782,0.43483216,-0.05316802,0.02399107,0.13093615
3783,-0.69387656,1.086871,0.042558726,0.65327
3784,0.6260865,1.035153,-0.046786867,0.25613773
3785,-1.0115927,0.47774065,-0.029868752,0.09437895
3786,-0.3780466,1.5371599,0.115108125,0.5770999
3787,1.3431926,-1.0542278,0.091425195,0.73651814
3788,-1.4179343,0.79945076,0.017894072,0.6262518
3789,-0.599845,-1.2862872,-0.0030445044,0.93717253
3790,-0.9484285,0.68162525,0.026528457,0.11407888
3791,0.32288262,1.4812052,0.09473287,0.6806567
3792,-0.932142,0.20086421,-0.008967673,0.038831234
3793,-0.090705246,0.9033524,0.012660556,0.7469069
3794,2.652943,-1.5069401,-0.0848152,0.18282723
3795,-0.4849561,1.0649326,0.1568501,0.59937775
3796,-0.6984279,-1.7545335,-0.12283863,0.78211844
3797,1.2506855,1.1056421,-0.01769266,0.08899367
3798,-1.1662636,-0.47635898,-0.04318349,0.4844855
3799,0.7726168,0.539544,-0.037857655,0.042862058
3800,-0.9315737,2.4069302,0.12813677,0.3291601
3801,-0.2356389,-0.300674,-0.03243145,0.40616238
3802,2.172234,0.31906453,-0.01879097,0.92866826
3803,-0.2157019,0.5538956,-0.10876208,0.5828314
3804,-1.787732,0.3973404,0.07986473,0.18845904
3805,-0.5815112,0.48167884,-0.013882592,0.7972237
3806,2.6032794,-1.8119737,-0.12233788,0.64321804
3807,-0.607577,0.97989315,-0.016386902,0.5691774
3808,-0.10309988,1.4627345,-0.07321609,0.62473106
3809,-0.28927165,-2.348039,-0.020676779,0.44231355
3810,0.5432668,0.6802395,-0.022767503,0.23531675
3811,0.2978323,-0.54447395,0.14401256,0.84763455
3812,-0.06828729,0.36629388,-0.035157017,0.76259315
3813,-0.50663286,-0.78078854,0.01813928,0.17024064
3814,0.3643472,0.83971244,0.00815451,0.4535148
3815,1.6295639,0.8237685,-0.022429446,0.06267989
3816,-0.7680447,-0.69978124,0.061541367,0.40910494
3817,0.08167671,2.1353853,-0.10766571,0.429016
3818,-0.23837164,-1.0180676,0.016644912,0.8933611
3819,-0.50557685,0.61578524,-0.095216446,0.027991533
3820,-0.5144274,0.98101467,-0.17460828,0.834136
3821,0.73231465,-0.46486637,-0.11171513,0.75617445
3822,-0.13700324,0.48652875,-0.09364518,0.4602871
3823,-2.83579,2.1409006,-0.023117295,0.52468276
3824,-0.31064323,1.0376956,-0.19461733,0.80844307
3825,0.15775035,1.4023417,0.0015154675,0.69274986
3826,-0.26210672,1.0663228,0.14810748,0.9286214
3827,-0.12688524,-1.4495795,-0.056050498,0.06889546
3828,0.7307795,0.2582147,0.16745736,0.3955394
3829,-1.6120412,-2.0236678,-0.11803652,0.57983387
3830,0.83318806,-0.3412968,0.2112706,0.48598528
3831,2.5868871,0.21770704,0.06304024,0.7820327
3832,-0.4039214,-1.1790451,0.046244897,0.36674047
3833,-1.0607544,-0.17469825,0.019556535,0.85049987
3834,0.36626446,0.5900027,0.006973505,0.28305376
3835,1.2165849,0.5131626,-0.051864278,0.87606955
3836,1.3355982,2.0057766,0.08825684,0.8982737
3837,-0.17118435,0.63438517,0.052465964,0.75131345
3838,-0.36137167,-0.99721164,-0.14158542,0.16302705
3839,-0.036726367,-1.4295446,0.11003156,0.21785975
3840,-0.6857578,0.35336745,-0.16026618,0.058596253
3841,0.2026723,0.15540507,-0.118144296,0.5317956
3842,-0.5379584,-0.13572173,0.011962816,0.9004247
3843,1.3398454,0.067224815,0.18195811,0.46174717
3844,0.67603475,1.0741189,-0.026863238,0.5793148
3845,0.7803852,-0.5094917,0.019271892,0.2556349
3846,0.82923585,-0.77071023,-0.11302816,0.54593027
3847,1.127313,1.0626364,-0.19270375,0.39739692
3848,-0.51425624,0.89465386,-0.08456341,0.3654294
3849,-1.0668811,0.17688183,-0.0077544334,0.40951025
3850,-0.19838062,0.8459898,-0.007048437,0.4604808
3851,-1.4413532,0.99352705,0.15303698,0.06560266
3852,-1.942545,0.947707,-0.0640692,0.02827537
3853,0.92139465,-2.5383303,0.12364129,0.0371747
3854,0.9126275,-1.0412539,-0.20746551,0.10941076
3855,0.06465392,0.3651731,0.09577093,0.91446614
3856,0.7485911,0.7480558,-0.10357362,0.18106186
3857,-1.8351992,1.2784348,0.07110472,0.6410248
3858,-1.2210201,0.36154976,-0.07194847,0.8157997
3859,1.0605454,-0.5522641,0.0726349,0.74818254
3860,-1.2080026,-1.1621872,0.0935813,0.9983289
3861,0.08429585,-0.15440573,0.011886827,0.86461365
3862,0.11440241,-0.640987,-0.19628583,0.04175222
3863,1.6398356,1.1122943,0.15845546,0.5968591
3864,-0.55499727,0.18584608,0.16963588,0.87929285
3865,2.6746686,-0.56352323,-0.09407117,0.21862519
3866,0.67687386,0.026059546,-0.08653062,0.92085445
3867,-1.9667336,-1.6874042,-0.09385654,0.6056473
3868,-0.41935974,1.7468812,0.09154399,0.8871374
3869,-0.90529996,0.04592859,0.0794793,0.48446333
3870,0.93946564,-1.9685309,-0.07424945,0.8659283
3871,-1.6514968,0.6772707,0.049371626,0.38724422
3872,-0.74721664,0.07504362,0.08650441,0.10595834
3873,0.16783845,0.82003134,0.049120076,0.9358051
3874,-0.33841816,0.100814514,0.009723996,0.2452743
3875,-0.21937843,0.68848795,0.067761764,0.6205404
3876,-0.21801867,0.94051236,-0.0522446,0.17187071
3877,1.7628552,1.736217,0.048587672,0.34158444
3878,0.17661475,1.0164611,-0.07496045,0.0008355379
3879,2.312763,0.55198205,0.006953017,0.41546547
3880,0.048694514,-1.1537511,0.02723085,0.021295905
3881,-1.1538993,0.13579969,-0.006423635,0.007837534
3882,-1.0685745,0.1536194,-0.046241254,0.5839441
3883,1.8230084,0.87839925,0.08542616,0.74349236
3884,0.6829335,-0.8205866,0.075727336,0.039705753
3885,1.1156297,1.13969,0.0630494,0.24807358
3886,-0.3118382,0.012845218,0.06635677,0.5360675
3887,1.0513935,-0.31039992,-0.10120284,0.53057194
3888,-1.0172747,-0.4191982,0.055153318,0.3511312
3889,-0.3447912,-0.75230336,-0.1172926,0.34691703
3890,0.103044756,0.078886665,0.075215645,0.10710585
3891,-0.224714,-0.16301596,-0.081558995,0.37154794
3892,1.0000985,1.9623057,0.0010971526,0.44379663
3893,1.127052,-0.52583426,0.02966474,0.8472638
3894,-0.18017834,0.43818042,0.1094046,0.56727374
3895,-0.7783446,1.2224437,0.09609399,0.96351194
3896,0.9335014,1.5393244,0.053074636,0.29350626
3897,-0.98859555,0.013878608,-0.07770596,0.10015619
3898,0.58292776,-1.0105162,0.070340045,0.0775131
3899,-0.7515851,-0.37576824,0.015656142,0.5900501
3900,-0.79014033,0.37684542,-0.06908242,0.5897502
3901,-1.0925819,1.3891232,-0.039679833,0.8358996
3902,-0.8301357,-0.61563957,0.19041553,0.43271565
3903,-0.12914538,-0.5995707,0.083387285,0.4692695
3904,0.17190227,-1.8006723,0.23643973,0.5951762
3905,-0.73829365,-1.7060068,-0.024452344,0.57610524
3906,-0.63684875,1.1579767,0.09645473,0.8512343
3907,-0.17621034,-1.1471937,0.06784246,0.14923012
3908,-0.16909096,0.7840398,0.02454464,0.068856
3909,-0.7997418,1.247047,-0.13966575,0.54586613
3910,-1.4464142,1.2041638,0.015300201,0.14731145
3911,-1.5877773,-0.8996662,-0.10172396,0.65099776
3912,1.6831223,0.2669718,0.10446417,0.16415298
3913,-0.21454534,-0.27980748,0.009656326,0.9946604
3914,-0.53905344,-0.5416897,-0.045978848,0.6871325
3915,-0.44401494,-0.15831782,-0.030479297,0.30861652
3916,-0.9678639,0.27698904,-0.048241,0.07612395
3917,0.32322988,0.24343383,-0.085885845,0.9420508
3918,1.1601444,-1.5679559,0.044229172,0.18581963
3919,0.060678475,-0.19341834,0.020845575,0.37340105
3920,-0.016944649,-1.8061185,-0.15813628,0.7879522
3921,0.3562379,-0.8203485,-0.10502805,0.57403517
3922,-0.117736995,0.9778421,0.06254359,0.40226328
3923,0.2962059,0.39707586,-0.027975371,0.67613757
3924,0.48875836,0.77936983,0.36258954,0.9147934
3925,-1.5341446,-0.6248236,-0.140065,0.015275598
3926,-0.9260003,-1.2931998,-0.00011294399,0.21969295
3927,0.20696545,-1.61822,0.012117344,0.86428416
3928,1.3960264,0.9538456,1.5635409e-05,0.11708355
3929,-1.3015279,0.7443023,-0.054481566,0.9757112
3930,0.8069553,1.0271672,-0.04558593,0.6339793
3931,0.39740765,2.5326753,0.124459065,0.013412595
3932,0.02128556,-0.42222098,0.021367934,0.6048428
3933,-0.8773219,0.058680635,0.093400605,0.38032067
3934,-1.5077491,0.9542644,0.05066843,0.6825172
3935,1.5734049,0.6729961,0.041451927,0.35604525
3936,-0.38051328,-0.3096747,-0.024589159,0.97549963
3937,1.3244565,-0.017904283,0.18953988,0.012387514
3938,-0.4877069,-0.01949126,0.17663352,0.63798094
3939,-0.114300594,-1.0369008,-0.005365878,0.7979311
3940,0.6842339,0.67737216,-0.10791095,0.008955121
3941,0.8010667,-0.2589502,-0.06808299,0.8121445
3942,-0.46532682,-0.14910474,0.038321555,0.58857167
3943,0.044853844,1.1094795,-0.0989559,0.7192962
3944,0.9982363,-0.26073635,-0.059937615,0.8566245
3945,0.7600594,0.4580012,-0.08158584,0.940199
3946,-0.4850398,-1.3256298,-0.08277128,0.7257452
3947,0.6300285,0.28238368,0.008852877,0.28459644
3948,0.58973676,-0.4592269,0.15092112,0.19651282
3949,0.3474979,0.61790866,-0.14412977,0.45516574
3950,-0.017662505,0.355421,0.0051509584,0.9241568
3951,0.4112122,-1.142862,-0.044028074,0.7009933
3952,0.53180444,-0.76142484,0.14317676,0.785051
3953,0.7319791,-0.26741293,0.049519323,0.19123578
3954,-0.99378586,0.17886937,0.06767499,0.75609803
3955,-1.9208509,-0.13350365,0.078316405,0.99284315
3956,1.1093591,-1.73594,0.0477018,0.1285845
3957,0.6545116,0.23580493,-0.09508339,0.5717107
3958,0.3994764,0.14445756,-0.065670185,0.3750925
3959,-0.373916,-0.053622264,-0.13983814,0.7260239
3960,1.4101357,1.6291852,-0.057744242,0.42905712
3961,-0.95626736,-0.3619558,-0.12746568,0.31815267
3962,1.9309005,2.288958,0.019956795,0.8204683
3963,0.0950377,-0.9797244,0.19912304,0.28156018
3964,1.3779113,-0.3230301,0.25210765,0.36980295
3965,0.13034818,0.60527265,-0.0016813452,0.32622445
3966,-0.028786499,-0.7278049,0.019223308,0.7193736
3967,-2.9648595,0.21139255,0.14225248,0.02210772
3968,0.8642168,-0.32235804,-0.19440196,0.31330454
3969,-1.3805625,0.7165565,-0.049960945,0.9566909
3970,-0.55600625,-0.16270497,-0.08168521,0.9321896
3971,-2.0526936,1.1236738,-0.12842801,0.3752811
3972,0.16794361,-0.24098371,-0.04847881,0.06986737
3973,-0.5075272,-0.31225514,-0.10053282,0.6888274
3974,1.1774254,-1.3550534,0.13308933,0.2112
3975,-0.2925049,0.10013518,-0.010350964,0.72686267
3976,-0.22980312,-0.22780934,-0.082163446,0.9903313
3977,-0.45259544,0.19823724,-0.096713625,0.6766614
3978,0.3681469,-0.43117929,-0.02700599,0.87842214
3979,1.0389882,1.1550407,-0.01797319,0.75152254
3980,-0.91427034,-0.93545896,0.071966186,0.90184295
3981,1.4256573,0.419897,-0.012432912,0.20418549
3982,-0.99271655,0.688505,0.05575005,0.9501656
3983,-1.7209309,-0.8365972,0.03154549,0.18037832
3984,-0.41172296,1.3902109,0.07246762,0.5093417
3985,0.9834456,1.7416872,0.1462279,0.63919556
3986,-0.37169272,0.45706886,0.10222647,0.8642504
3987,-0.09538035,-0.54167587,-0.086798765,0.7600626
3988,-1.2653552,0.4526082,-0.010614588,0.2801926
3989,0.12720832,-0.042484835,-0.059693046,0.67607
3990,0.06409607,-0.966085,0.08301891,0.53994155
3991,0.9134997,1.9052349,0.05312821,0.07565546
3992,1.5521507,-3.6329389,-0.018947318,0.46849787
3993,0.8425293,0.12592001,0.09814655,0.9124415
3994,0.20239598,-1.9415956,0.109441034,0.12665367
3995,0.39743188,0.35277623,0.0025213931,0.46793175
3996,-0.84308445,-0.31949672,0.11149484,0.120710015
3997,0.19811474,0.8069317,0.12408568,0.34440684
3998,-0.39540726,-0.7027342,0.2775893,0.81861234
3999,2.010625,0.6255717,0.069002986,0.036259532
